event_id,variant,runtime_path,source_path,tags,codec,sampleRateHz,channels,durationMs,sha256
ui.hover.neutral,1,01_RUNTIME_READY/audio/ui/bsb_sfx_ui_hover_neutral_v01.ogg,02_SOURCE_LIBRARY_CC0/Kenney/interface-sounds/Audio/select_001.ogg,ui hover neutral,vorbis,44100,2,43,aec0c31ea934a35936ae0d2ab8fac8123c93aa5647f935853a58dbaf90278b7a
ui.hover.neutral,2,01_RUNTIME_READY/audio/ui/bsb_sfx_ui_hover_neutral_v02.ogg,02_SOURCE_LIBRARY_CC0/Kenney/interface-sounds/Audio/select_002.ogg,ui hover neutral,vorbis,44100,2,43,4cc6ac5341b9b2c86fef80c347de028e9ab9f2e037586ac7d9fa59a403a1c012
ui.hover.neutral,3,01_RUNTIME_READY/audio/ui/bsb_sfx_ui_hover_neutral_v03.ogg,02_SOURCE_LIBRARY_CC0/Kenney/interface-sounds/Audio/select_003.ogg,ui hover neutral,vorbis,44100,1,383,9a612fd2f513d52a296906b41071c990f75defe56be3bee60d2d4e2423b51b8b
ui.hover.primary,1,01_RUNTIME_READY/audio/ui/bsb_sfx_ui_hover_primary_v01.ogg,02_SOURCE_LIBRARY_CC0/Kenney/ui-audio/Audio/rollover1.ogg,ui hover cyber,vorbis,44100,2,227,4eb47e2e1540c44847b47a89825e21335c820a4e54cacf8c4c1eb5100e36af42
ui.hover.primary,2,01_RUNTIME_READY/audio/ui/bsb_sfx_ui_hover_primary_v02.ogg,02_SOURCE_LIBRARY_CC0/Kenney/ui-audio/Audio/rollover2.ogg,ui hover cyber,vorbis,44100,2,57,d0bc0fcba496d73df1da8c145e5330df75f87ab5a4f33a9b71461b006b5c338e
ui.hover.primary,3,01_RUNTIME_READY/audio/ui/bsb_sfx_ui_hover_primary_v03.ogg,02_SOURCE_LIBRARY_CC0/Kenney/ui-audio/Audio/rollover3.ogg,ui hover cyber,vorbis,44100,2,69,641df2c95468f1f035ff0ae964129da10543b4ea8ff6c13f66bcbd899dcfc113
ui.press.primary,1,01_RUNTIME_READY/audio/ui/bsb_sfx_ui_press_primary_v01.ogg,02_SOURCE_LIBRARY_CC0/Kenney/ui-audio/Audio/click1.ogg,ui press button,vorbis,44100,2,94,59175ac17cd49a68dd736285738441287636112a84a6f7ce0d89921bda5a5360
ui.press.primary,2,01_RUNTIME_READY/audio/ui/bsb_sfx_ui_press_primary_v02.ogg,02_SOURCE_LIBRARY_CC0/Kenney/ui-audio/Audio/click2.ogg,ui press button,vorbis,44100,2,56,c394b46bc6737f7f7edfbfa3031ce621b7a43d498d456d6198364eee9cd3e306
ui.press.primary,3,01_RUNTIME_READY/audio/ui/bsb_sfx_ui_press_primary_v03.ogg,02_SOURCE_LIBRARY_CC0/Kenney/ui-audio/Audio/click3.ogg,ui press button,vorbis,44100,2,86,e3e7fc7ccd9c5cfdf77bffa05aee10d4973812076c76dc889ba2b16ea434127f
ui.press.secondary,1,01_RUNTIME_READY/audio/ui/bsb_sfx_ui_press_secondary_v01.ogg,02_SOURCE_LIBRARY_CC0/Kenney/interface-sounds/Audio/click_001.ogg,ui press button,vorbis,44100,1,100,ccfb7fa0cccdd9faec0eb16033c732b1e308d139d80f799161495d58f7adcdb9
ui.press.secondary,2,01_RUNTIME_READY/audio/ui/bsb_sfx_ui_press_secondary_v02.ogg,02_SOURCE_LIBRARY_CC0/Kenney/interface-sounds/Audio/click_002.ogg,ui press button,vorbis,44100,1,10,adcd1f4adc35f1b41bc1b5bbefeff7aa44f2f3f0d96d3199b544140c7c1e761c
ui.back,1,01_RUNTIME_READY/audio/ui/bsb_sfx_ui_back_v01.ogg,02_SOURCE_LIBRARY_CC0/Kenney/interface-sounds/Audio/back_001.ogg,ui back,vorbis,44100,1,64,07db973f79f6ae0f2edc34561e7592e24d0577455919fb602cb8ecc0da991dcf
ui.back,2,01_RUNTIME_READY/audio/ui/bsb_sfx_ui_back_v02.ogg,02_SOURCE_LIBRARY_CC0/Kenney/interface-sounds/Audio/back_002.ogg,ui back,vorbis,44100,1,70,61581c58194e3f19f531072edabbc344204c7e0a2887b8ededce4357bcf09195
ui.close,1,01_RUNTIME_READY/audio/ui/bsb_sfx_ui_close_v01.ogg,02_SOURCE_LIBRARY_CC0/Kenney/interface-sounds/Audio/close_001.ogg,ui close,vorbis,44100,1,148,44af8249b933e0fd35ec957a638bb1a0b01f85b53fbe9674bf77bd3ca3168ef4
ui.close,2,01_RUNTIME_READY/audio/ui/bsb_sfx_ui_close_v02.ogg,02_SOURCE_LIBRARY_CC0/Kenney/interface-sounds/Audio/close_002.ogg,ui close,vorbis,44100,1,314,bc4279d2bb2bf86592473eab6a8eab55e51b54a8619315000dbd780a83b102d8
ui.modal.open,1,01_RUNTIME_READY/audio/ui/bsb_sfx_ui_modal_open_v01.ogg,02_SOURCE_LIBRARY_CC0/Kenney/interface-sounds/Audio/open_001.ogg,ui modal open,vorbis,44100,1,148,a27c6bb0df7da1e6af5dd5937593c98bc58b6e513f42fe6a3254cd6a6949c648
ui.modal.open,2,01_RUNTIME_READY/audio/ui/bsb_sfx_ui_modal_open_v02.ogg,02_SOURCE_LIBRARY_CC0/Kenney/interface-sounds/Audio/open_002.ogg,ui modal open,vorbis,44100,1,314,24ff224fe2c09c6aed1b41249825382dc74cf324b887ff279d8494912ce2beee
ui.modal.close,1,01_RUNTIME_READY/audio/ui/bsb_sfx_ui_modal_close_v01.ogg,02_SOURCE_LIBRARY_CC0/Kenney/interface-sounds/Audio/close_003.ogg,ui modal close,vorbis,44100,1,314,39a1a7f3bc001766c1881841e9903c6b16f5a10b5666e0791d7f6444677d8b05
ui.modal.close,2,01_RUNTIME_READY/audio/ui/bsb_sfx_ui_modal_close_v02.ogg,02_SOURCE_LIBRARY_CC0/Kenney/interface-sounds/Audio/close_004.ogg,ui modal close,vorbis,44100,1,323,41b41e01ac75f4bc5a9c8dc3b0de744fa7f877757463692783c12a8ae4bfae6b
ui.toggle.on,1,01_RUNTIME_READY/audio/ui/bsb_sfx_ui_toggle_on_v01.ogg,02_SOURCE_LIBRARY_CC0/Kenney/interface-sounds/Audio/toggle_001.ogg,ui toggle on,vorbis,44100,1,139,ca1d2dde5f0b286abac4f070e23edab8f30927c8a533665cdf2ac6492a415e49
ui.toggle.on,2,01_RUNTIME_READY/audio/ui/bsb_sfx_ui_toggle_on_v02.ogg,02_SOURCE_LIBRARY_CC0/Kenney/interface-sounds/Audio/toggle_002.ogg,ui toggle on,vorbis,44100,1,139,1f564f5520cfa0764028ce245ad97599d3ece8f0ab504554c403af92ac72b900
ui.toggle.off,1,01_RUNTIME_READY/audio/ui/bsb_sfx_ui_toggle_off_v01.ogg,02_SOURCE_LIBRARY_CC0/Kenney/interface-sounds/Audio/switch_001.ogg,ui toggle off,vorbis,44100,2,618,3b74efad87f1e69dbd1d05c5ad952ab90859b5a3d11da6ec5bd79b4f03b42afa
ui.toggle.off,2,01_RUNTIME_READY/audio/ui/bsb_sfx_ui_toggle_off_v02.ogg,02_SOURCE_LIBRARY_CC0/Kenney/interface-sounds/Audio/switch_002.ogg,ui toggle off,vorbis,44100,2,611,6fc395be2ad1f99ce318a5d28f98fb76dbeb676d83a0b28239d8c1fb90736180
ui.slider.tick,1,01_RUNTIME_READY/audio/ui/bsb_sfx_ui_slider_tick_v01.ogg,02_SOURCE_LIBRARY_CC0/Kenney/interface-sounds/Audio/tick_001.ogg,ui slider tick,vorbis,44100,1,23,9d057b918024c787bbe6c00beed13a7ef72a3fa0c259add3cef36582792f4230
ui.slider.tick,2,01_RUNTIME_READY/audio/ui/bsb_sfx_ui_slider_tick_v02.ogg,02_SOURCE_LIBRARY_CC0/Kenney/interface-sounds/Audio/tick_002.ogg,ui slider tick,vorbis,44100,1,23,869442f54214be902ec7437f79e400dc91c1bfd90d18a6dd2d5b7e41ffbf457b
ui.slider.tick,3,01_RUNTIME_READY/audio/ui/bsb_sfx_ui_slider_tick_v03.ogg,02_SOURCE_LIBRARY_CC0/Kenney/interface-sounds/Audio/tick_004.ogg,ui slider tick,vorbis,44100,1,55,0253d5f7d8d2afbbc370eac2a4539bb844239f0c98343e516d376b137c06d27c
ui.notification.success,1,01_RUNTIME_READY/audio/ui/bsb_sfx_ui_notification_success_v01.ogg,02_SOURCE_LIBRARY_CC0/Kenney/interface-sounds/Audio/confirmation_001.ogg,ui notification success,vorbis,44100,1,290,063564703b6094d70718a3e787a55cc9141611e4ecd6b6637f8828f79b4a8c3a
ui.notification.success,2,01_RUNTIME_READY/audio/ui/bsb_sfx_ui_notification_success_v02.wav,02_SOURCE_LIBRARY_CC0/OpenGameArt/GUI_CC0_SFX/GUI_Sound_Effects_by_Lokif/positive.wav,ui notification success,pcm_s16le,44100,2,1719,946a2de4c87dcb6c47edc3564e403944646ee9efa08dea0ce16fe2e78e125e03
ui.notification.warning,1,01_RUNTIME_READY/audio/ui/bsb_sfx_ui_notification_warning_v01.ogg,02_SOURCE_LIBRARY_CC0/Kenney/interface-sounds/Audio/question_001.ogg,ui notification warning,vorbis,44100,1,491,abb8f9e4eb2071491b0b15f84ee302386b1847609310c1b000ae174639a6cc5a
ui.notification.warning,2,01_RUNTIME_READY/audio/ui/bsb_sfx_ui_notification_warning_v02.ogg,02_SOURCE_LIBRARY_CC0/OpenGameArt/UI_Feedback_CC0/ui_ogg/alarm.ogg,ui notification warning,vorbis,44100,2,429,2c570ccd930b9fb4564283624dc05b4eafa9352687b7c3af8375215fde03518b
ui.notification.error,1,01_RUNTIME_READY/audio/ui/bsb_sfx_ui_notification_error_v01.ogg,02_SOURCE_LIBRARY_CC0/Kenney/interface-sounds/Audio/error_001.ogg,ui notification error,vorbis,44100,2,165,46e67425d16339772e8d328fb36a49426c9467418686e11beeb71ff84b0f6433
ui.notification.error,2,01_RUNTIME_READY/audio/ui/bsb_sfx_ui_notification_error_v02.ogg,02_SOURCE_LIBRARY_CC0/Kenney/interface-sounds/Audio/error_002.ogg,ui notification error,vorbis,44100,2,165,76810ec365f41078fd0507101da5bb7b8730fe011dde43908329fdabd8575e79
ui.notification.error,3,01_RUNTIME_READY/audio/ui/bsb_sfx_ui_notification_error_v03.wav,02_SOURCE_LIBRARY_CC0/OpenGameArt/GUI_CC0_SFX/GUI_Sound_Effects_by_Lokif/negative.wav,ui notification error,pcm_s16le,44100,2,1719,1b8d94d220905624559a70e2eaca0ec6514a5f536cf58ad411b2906c8180c0ba
bet.increase,1,01_RUNTIME_READY/audio/bet_and_balance/bsb_sfx_bet_increase_v01.ogg,02_SOURCE_LIBRARY_CC0/Kenney/digital-audio/Audio/highUp.ogg,bet increase ui,vorbis,44100,1,549,cbc1c3c7ccf5d7903818144a4c3f5b2ed2385095792f29d8d7c76360ba4fa559
bet.increase,2,01_RUNTIME_READY/audio/bet_and_balance/bsb_sfx_bet_increase_v02.ogg,02_SOURCE_LIBRARY_CC0/Kenney/digital-audio/Audio/twoTone1.ogg,bet increase ui,vorbis,44100,1,724,8732f14d6398407a8f1df77b986c2099cfd88f6583e1272cb60497cb2fe8da1d
bet.decrease,1,01_RUNTIME_READY/audio/bet_and_balance/bsb_sfx_bet_decrease_v01.ogg,02_SOURCE_LIBRARY_CC0/Kenney/digital-audio/Audio/highDown.ogg,bet decrease ui,vorbis,44100,1,522,cdbea353b2e435b4f869c7b045af81079c5d5eb81cfbbc805013ccc3a7a0f36a
bet.decrease,2,01_RUNTIME_READY/audio/bet_and_balance/bsb_sfx_bet_decrease_v02.ogg,02_SOURCE_LIBRARY_CC0/Kenney/digital-audio/Audio/lowDown.ogg,bet decrease ui,vorbis,44100,1,784,e0215fcfd8b9d7877f74d5c46b239a13d7db0d25998da97b80404931ef9eef5d
bet.limit,1,01_RUNTIME_READY/audio/bet_and_balance/bsb_sfx_bet_limit_v01.wav,02_SOURCE_LIBRARY_CC0/OpenGameArt/GUI_CC0_SFX/GUI_Sound_Effects_by_Lokif/negative_2.wav,bet limit warning,pcm_s16le,44100,2,1719,c9ea598461bd790e1049974a39a9f5cc9dd4a84887549c3c5c256d2abbd4d1a5
bet.limit,2,01_RUNTIME_READY/audio/bet_and_balance/bsb_sfx_bet_limit_v02.ogg,02_SOURCE_LIBRARY_CC0/Kenney/interface-sounds/Audio/error_003.ogg,bet limit warning,vorbis,44100,2,533,885b28175c7b511118bcffab95675b48bbac9005cf6514656ebdad979276b3ab
balance.debit,1,01_RUNTIME_READY/audio/bet_and_balance/bsb_sfx_balance_debit_v01.ogg,02_SOURCE_LIBRARY_CC0/Kenney/casino-audio/Audio/chip-lay-1.ogg,balance debit chip,vorbis,44100,2,172,4b2111252ccb64eed67f171e061053849cfbb29873536c03948646f244a3905c
balance.debit,2,01_RUNTIME_READY/audio/bet_and_balance/bsb_sfx_balance_debit_v02.ogg,02_SOURCE_LIBRARY_CC0/Kenney/casino-audio/Audio/chip-lay-2.ogg,balance debit chip,vorbis,44100,2,230,8ca8b2d450741c04ed7b4ba51ed3f73c2400c8b3dbe83b974be4fe4774a76712
balance.credit,1,01_RUNTIME_READY/audio/bet_and_balance/bsb_sfx_balance_credit_v01.ogg,02_SOURCE_LIBRARY_CC0/OpenGameArt/80_CC0_RPG_SFX/item_coins_01.ogg,balance credit coin,vorbis,48000,2,406,4e701b281a4f88768beccbe87af4574d13ac5a4bc5cab6c522f0e79823d6e428
balance.credit,2,01_RUNTIME_READY/audio/bet_and_balance/bsb_sfx_balance_credit_v02.ogg,02_SOURCE_LIBRARY_CC0/OpenGameArt/80_CC0_RPG_SFX/item_coins_02.ogg,balance credit coin,vorbis,48000,2,616,c1124868c928ef06e9b95fd9bd314eb3aa9a2869cbfde7f5aadcc341fe3edca0
balance.credit,3,01_RUNTIME_READY/audio/bet_and_balance/bsb_sfx_balance_credit_v03.wav,02_SOURCE_LIBRARY_CC0/OpenGameArt/IgnisForge_43_CC0_SFX/coin_05.wav,balance credit coin,pcm_s16le,44100,1,198,beca6520c622fa97104f0de5a35dd9df2cf5b78fd51675ab78c92db3de29176b
balance.count.tick,1,01_RUNTIME_READY/audio/bet_and_balance/bsb_sfx_balance_count_tick_v01.wav,02_SOURCE_LIBRARY_CC0/OpenGameArt/IgnisForge_43_CC0_SFX/coin_01.wav,balance count tick,pcm_s16le,44100,1,203,042e8fbf111ad101841a94ee713e2b90a06bdfd8bdbd77b311eee456d636ce69
balance.count.tick,2,01_RUNTIME_READY/audio/bet_and_balance/bsb_sfx_balance_count_tick_v02.wav,02_SOURCE_LIBRARY_CC0/OpenGameArt/IgnisForge_43_CC0_SFX/blip_05.wav,balance count tick,pcm_s16le,44100,1,29,92515d738acd5aa7bbe69d06fe7f4e31a0536b55bd847d1faef653f18f0d66c5
spin.press.standard,1,01_RUNTIME_READY/audio/spin_controls/bsb_sfx_spin_press_standard_v01.wav,02_SOURCE_LIBRARY_CC0/OpenGameArt/13_Swishes_CC0/swishes/swish-1.wav,spin start swish,pcm_s24le,44100,2,126,9a15c881345c1ce1c39cc31f52f081c8c4dc81fa41111e0079400f39d3ba0e45
spin.press.standard,2,01_RUNTIME_READY/audio/spin_controls/bsb_sfx_spin_press_standard_v02.wav,02_SOURCE_LIBRARY_CC0/OpenGameArt/13_Swishes_CC0/swishes/swish-2.wav,spin start swish,pcm_s24le,44100,2,96,1ce7752cce3d43f16fc222ad7f7ffb69d9a5fc01e64b93d205765fc37b8e9b0d
spin.press.turbo,1,01_RUNTIME_READY/audio/spin_controls/bsb_sfx_spin_press_turbo_v01.wav,02_SOURCE_LIBRARY_CC0/OpenGameArt/13_Swishes_CC0/swishes/swish-8.wav,spin turbo swish,pcm_s24le,44100,2,154,113a3709ad889ad2fcf38eaceaf4eb9d67ffe1e96713fed93a6f0aed08769980
spin.press.turbo,2,01_RUNTIME_READY/audio/spin_controls/bsb_sfx_spin_press_turbo_v02.wav,02_SOURCE_LIBRARY_CC0/OpenGameArt/13_Swishes_CC0/swishes/swish-9.wav,spin turbo swish,pcm_s24le,44100,2,197,123883f006ce55feecbff11eea5f87c4493df4399989983037144570a23723c1
spin.quick.stop,1,01_RUNTIME_READY/audio/spin_controls/bsb_sfx_spin_quick_stop_v01.flac,02_SOURCE_LIBRARY_CC0/OpenGameArt/7_Mechanical_Clicks_CC0/mechanical/mechanical_clicks-01.flac,spin quick stop mechanical,flac,96000,2,634,4a823673791fca5a8bc5437bac95323594c0c5a51da37f90257359f39022137f
spin.quick.stop,2,01_RUNTIME_READY/audio/spin_controls/bsb_sfx_spin_quick_stop_v02.flac,02_SOURCE_LIBRARY_CC0/OpenGameArt/7_Mechanical_Clicks_CC0/mechanical/mechanical_clicks-02.flac,spin quick stop mechanical,flac,96000,2,704,89cf42cb3766fe2893eaec806c8a205c0b337e7297ff526d11bbc1d2fcbd7e91
autoplay.start,1,01_RUNTIME_READY/audio/spin_controls/bsb_sfx_autoplay_start_v01.ogg,02_SOURCE_LIBRARY_CC0/Kenney/digital-audio/Audio/phaseJump1.ogg,autoplay start,vorbis,44100,2,470,c60069ed7108678dd6a1306404d168a93cc2575cda37b06add9dd6c4d46352a3
autoplay.start,2,01_RUNTIME_READY/audio/spin_controls/bsb_sfx_autoplay_start_v02.ogg,02_SOURCE_LIBRARY_CC0/Kenney/interface-sounds/Audio/confirmation_003.ogg,autoplay start,vorbis,44100,1,322,3091bf0be0497f825769ee0733ca7bdc3bcd59bd6c6e8f2ba8f93d580ff38022
autoplay.pause,1,01_RUNTIME_READY/audio/spin_controls/bsb_sfx_autoplay_pause_v01.ogg,02_SOURCE_LIBRARY_CC0/Kenney/ui-audio/Audio/switch14.ogg,autoplay pause,vorbis,44100,2,33,c640b370738c816eda3d1196d8a8dda7130825b4094f3bb3cbba22a9f6f9b7c9
autoplay.pause,2,01_RUNTIME_READY/audio/spin_controls/bsb_sfx_autoplay_pause_v02.ogg,02_SOURCE_LIBRARY_CC0/Kenney/ui-audio/Audio/switch15.ogg,autoplay pause,vorbis,44100,2,256,5a20a9d5365dec8fec1311731540f56429cab38822326133c7ce60fbcf9fd275
autoplay.stop,1,01_RUNTIME_READY/audio/spin_controls/bsb_sfx_autoplay_stop_v01.ogg,02_SOURCE_LIBRARY_CC0/Kenney/digital-audio/Audio/phaserDown1.ogg,autoplay stop,vorbis,44100,2,470,d2d046cd0247045f8819905fc9719a7237ccbd590b3128ce58a61a81f50d208b
autoplay.stop,2,01_RUNTIME_READY/audio/spin_controls/bsb_sfx_autoplay_stop_v02.ogg,02_SOURCE_LIBRARY_CC0/Kenney/interface-sounds/Audio/close_001.ogg,autoplay stop,vorbis,44100,1,148,44af8249b933e0fd35ec957a638bb1a0b01f85b53fbe9674bf77bd3ca3168ef4
reel.acceleration,1,01_RUNTIME_READY/audio/reels/bsb_sfx_reel_acceleration_v01.ogg,02_SOURCE_LIBRARY_CC0/Kenney/sci-fi-sounds/Audio/engineCircular_000.ogg,reel motor acceleration,vorbis,44100,1,5000,8ab85f9fa85e9e692287f98acb36b9ac3ba15313b007c039055e286b736f4e3a
reel.acceleration,2,01_RUNTIME_READY/audio/reels/bsb_sfx_reel_acceleration_v02.ogg,02_SOURCE_LIBRARY_CC0/Kenney/sci-fi-sounds/Audio/engineCircular_001.ogg,reel motor acceleration,vorbis,44100,1,5000,e1df3a942842a24f7c4056db3177e8008edd73d4f3985fd95f55362bc85058bc
reel.acceleration,3,01_RUNTIME_READY/audio/reels/bsb_sfx_reel_acceleration_v03.ogg,02_SOURCE_LIBRARY_CC0/Kenney/sci-fi-sounds/Audio/engineCircular_002.ogg,reel motor acceleration,vorbis,44100,1,5000,5f364bd42269e111df1d421fa2b45f0b2f0cc99a873ceae2d55b34898ad0d779
reel.start.whoosh,1,01_RUNTIME_READY/audio/reels/bsb_sfx_reel_start_whoosh_v01.wav,02_SOURCE_LIBRARY_CC0/OpenGameArt/13_Swishes_CC0/swishes/swish-3.wav,reel start whoosh,pcm_s24le,44100,2,146,55b100e2c67fa43dad8510e31e85bbd51a68d5ce84a6e0259e21e19030083e24
reel.start.whoosh,2,01_RUNTIME_READY/audio/reels/bsb_sfx_reel_start_whoosh_v02.wav,02_SOURCE_LIBRARY_CC0/OpenGameArt/13_Swishes_CC0/swishes/swish-4.wav,reel start whoosh,pcm_s24le,44100,2,146,0060f4a7040edce4cc50d1daa10a9cb76764128a942e4688339e69cd1d5d784c
reel.loop.standard,1,01_RUNTIME_READY/audio/reels/bsb_sfx_reel_loop_standard_v01.ogg,02_SOURCE_LIBRARY_CC0/OpenGameArt/30_CC0_SFX_Loops/machine_01.ogg,reel machine loop,vorbis,48000,2,1196,06bef91dcdb0a7e034f29196d36ba4d5a55e51038df4b299178d457fb978e6fb
reel.loop.turbo,1,01_RUNTIME_READY/audio/reels/bsb_sfx_reel_loop_turbo_v01.ogg,02_SOURCE_LIBRARY_CC0/OpenGameArt/30_CC0_SFX_Loops/machine_07.ogg,reel machine fast loop,vorbis,48000,2,1350,b06cc36d9be4398e99a203b085a75ba779ecadbf981ab65d3ea5ec45d77842c3
reel.loop.anticipation,1,01_RUNTIME_READY/audio/reels/bsb_sfx_reel_loop_anticipation_v01.ogg,02_SOURCE_LIBRARY_CC0/OpenGameArt/30_CC0_SFX_Loops/machine_10.ogg,reel anticipation loop,vorbis,48000,2,1346,a9aa0a0de4665619274d3d6020100cf97d9948fcc033ec49f59bae52a8fef802
reel.prestop.servo,1,01_RUNTIME_READY/audio/reels/bsb_sfx_reel_prestop_servo_v01.flac,02_SOURCE_LIBRARY_CC0/OpenGameArt/7_Mechanical_Clicks_CC0/mechanical/mechanical_clicks-03.flac,reel prestop servo,flac,96000,2,1198,d6471866061294b3873de2776096f3231b476807606fafb52850efdb560dce1f
reel.prestop.servo,2,01_RUNTIME_READY/audio/reels/bsb_sfx_reel_prestop_servo_v02.flac,02_SOURCE_LIBRARY_CC0/OpenGameArt/7_Mechanical_Clicks_CC0/mechanical/mechanical_clicks-04.flac,reel prestop servo,flac,96000,2,542,efbe681aa625950174b6642c387c5716ced6d34de38d3212beaad3e5f51c29e7
reel.prestop.servo,3,01_RUNTIME_READY/audio/reels/bsb_sfx_reel_prestop_servo_v03.ogg,02_SOURCE_LIBRARY_CC0/Kenney/sci-fi-sounds/Audio/forceField_000.ogg,reel prestop servo,vorbis,44100,1,954,c2916f2a062c8ddd1aca2826d134fe90847037db31342726ffb0f9097afe339c
reel.prestop.brake,1,01_RUNTIME_READY/audio/reels/bsb_sfx_reel_prestop_brake_v01.wav,02_SOURCE_LIBRARY_CC0/OpenGameArt/68_Workshop_Sounds_CC0/workshop/workshop - scrape2.wav,reel prestop brake scrape,pcm_f32le,44100,2,2534,da1a820fe2ff991c8e5e810279875b408ce3e38f71bec0dca5b90421404bf7ec
reel.prestop.brake,2,01_RUNTIME_READY/audio/reels/bsb_sfx_reel_prestop_brake_v02.wav,02_SOURCE_LIBRARY_CC0/OpenGameArt/68_Workshop_Sounds_CC0/workshop/workshop - quiet scrape.wav,reel prestop brake scrape,pcm_f32le,44100,2,4913,cd833575cb9b2ef371d672b46e26871e7e7999f00d0bd7cc8968a39cd18d8a54
reel.stop.lock,1,01_RUNTIME_READY/audio/reels/bsb_sfx_reel_stop_lock_v01.ogg,02_SOURCE_LIBRARY_CC0/Kenney/impact-sounds/Audio/impactMetal_medium_000.ogg,reel stop metal lock contact,vorbis,44100,2,272,a96f879fec0864a8938e0c745b6996a6c5679c16a234ce31a01cc995e8401003
reel.stop.lock,2,01_RUNTIME_READY/audio/reels/bsb_sfx_reel_stop_lock_v02.ogg,02_SOURCE_LIBRARY_CC0/Kenney/impact-sounds/Audio/impactMetal_medium_001.ogg,reel stop metal lock contact,vorbis,44100,2,143,e8a9eaba7c4d27422e4eeb3e6c7100d5d7dc0f83e005efc98c960adcc5265337
reel.stop.lock,3,01_RUNTIME_READY/audio/reels/bsb_sfx_reel_stop_lock_v03.ogg,02_SOURCE_LIBRARY_CC0/Kenney/impact-sounds/Audio/impactMetal_medium_002.ogg,reel stop metal lock contact,vorbis,44100,2,119,7e89ce2ca0dbda95ea2b78d4b50791cab35c10d20e9f5ccd45dd0b00e99ff548
reel.stop.lock,4,01_RUNTIME_READY/audio/reels/bsb_sfx_reel_stop_lock_v04.ogg,02_SOURCE_LIBRARY_CC0/Kenney/impact-sounds/Audio/impactMetal_medium_003.ogg,reel stop metal lock contact,vorbis,44100,2,254,2a185e2e57211d02c1bdd33b872d6b6a2fe83e6c14f4e56f426a95e717acf08e
reel.stop.lock,5,01_RUNTIME_READY/audio/reels/bsb_sfx_reel_stop_lock_v05.ogg,02_SOURCE_LIBRARY_CC0/Kenney/impact-sounds/Audio/impactMetal_medium_004.ogg,reel stop metal lock contact,vorbis,44100,2,109,03e10f800199c7166208e41c11cf4acfac6cc265467f02357da71972bc967295
reel.stop.lock,6,01_RUNTIME_READY/audio/reels/bsb_sfx_reel_stop_lock_v06.ogg,02_SOURCE_LIBRARY_CC0/OpenGameArt/100_CC0_Wood_Metal_SFX/metal_hit_01.ogg,reel stop metal lock contact,vorbis,48000,2,269,f5fd185fce454947c1d91ce6757e219c4d7c6c139d4aa9d419cd7a79c7f6df3b
reel.stop.lock,7,01_RUNTIME_READY/audio/reels/bsb_sfx_reel_stop_lock_v07.ogg,02_SOURCE_LIBRARY_CC0/OpenGameArt/100_CC0_Wood_Metal_SFX/metal_hit_02.ogg,reel stop metal lock contact,vorbis,48000,2,435,9074c0828727bd00834cabcaaf5b8cbff2cfad7b45676b95d86c0919e444f8b1
reel.stop.lock,8,01_RUNTIME_READY/audio/reels/bsb_sfx_reel_stop_lock_v08.ogg,02_SOURCE_LIBRARY_CC0/OpenGameArt/100_CC0_Wood_Metal_SFX/metal_hit_03.ogg,reel stop metal lock contact,vorbis,48000,2,395,9daf6e7e1fc1871acfb063cb25ce050faab559ee6c42fed84bf18a4067f26a4d
reel.stop.lock,9,01_RUNTIME_READY/audio/reels/bsb_sfx_reel_stop_lock_v09.ogg,02_SOURCE_LIBRARY_CC0/OpenGameArt/100_CC0_Wood_Metal_SFX/metal_hit_04.ogg,reel stop metal lock contact,vorbis,48000,2,374,dfc5ebc2cafcf2670f3937882c5040abe5c8855885c886023592d9a0779dde48
reel.stop.lock,10,01_RUNTIME_READY/audio/reels/bsb_sfx_reel_stop_lock_v10.ogg,02_SOURCE_LIBRARY_CC0/OpenGameArt/100_CC0_Wood_Metal_SFX/metal_hit_05.ogg,reel stop metal lock contact,vorbis,48000,2,329,04e4d0926afd4bcd7d451884e0a74cea7c9661f56e211aeb8a4ee07bbccf4715
reel.stop.heavy,1,01_RUNTIME_READY/audio/reels/bsb_sfx_reel_stop_heavy_v01.ogg,02_SOURCE_LIBRARY_CC0/Kenney/impact-sounds/Audio/impactMetal_heavy_000.ogg,reel stop heavy metal,vorbis,44100,2,168,e07045693e4a2b3d165c424e3dab4c781d9ff8880a386880ac89a51315d7f831
reel.stop.heavy,2,01_RUNTIME_READY/audio/reels/bsb_sfx_reel_stop_heavy_v02.ogg,02_SOURCE_LIBRARY_CC0/Kenney/impact-sounds/Audio/impactMetal_heavy_001.ogg,reel stop heavy metal,vorbis,44100,2,359,83554049f81f4db9209379e103c30bfa63f65c42189a03f300b045c2c82e23ae
reel.stop.heavy,3,01_RUNTIME_READY/audio/reels/bsb_sfx_reel_stop_heavy_v03.ogg,02_SOURCE_LIBRARY_CC0/Kenney/impact-sounds/Audio/impactMetal_heavy_002.ogg,reel stop heavy metal,vorbis,44100,2,117,b914c8f1eb7c0f34bb165d7c77f4be0351f6be0660c13c53e65424e262e2c093
reel.stop.heavy,4,01_RUNTIME_READY/audio/reels/bsb_sfx_reel_stop_heavy_v04.ogg,02_SOURCE_LIBRARY_CC0/Kenney/impact-sounds/Audio/impactMetal_heavy_003.ogg,reel stop heavy metal,vorbis,44100,2,207,b0f2ba4dabde9a87eb9c188a19d31e0c2300fd321adeba08d3b9b8aa011d7037
reel.stop.heavy,5,01_RUNTIME_READY/audio/reels/bsb_sfx_reel_stop_heavy_v05.ogg,02_SOURCE_LIBRARY_CC0/Kenney/impact-sounds/Audio/impactMetal_heavy_004.ogg,reel stop heavy metal,vorbis,44100,2,134,6d65b463c0555dd5be16b8db6d2cbe23a94e07a4637779b8ad17d0db3e500a87
reel.stop.final.sub,1,01_RUNTIME_READY/audio/reels/bsb_sfx_reel_stop_final_sub_v01.ogg,02_SOURCE_LIBRARY_CC0/Kenney/sci-fi-sounds/Audio/lowFrequency_explosion_000.ogg,reel final sub impact,vorbis,44100,2,2000,3cb48d86dab63140cfb9aaeea4d4a6846abaca5831d157d8adbec0490da26343
reel.stop.final.sub,2,01_RUNTIME_READY/audio/reels/bsb_sfx_reel_stop_final_sub_v02.ogg,02_SOURCE_LIBRARY_CC0/Kenney/sci-fi-sounds/Audio/lowFrequency_explosion_001.ogg,reel final sub impact,vorbis,44100,2,1000,cdda50600a4928f2f1b8371224d53c171ac799c1cf2c30b11999508985250b3b
reel.stop.scatter.sweetener,1,01_RUNTIME_READY/audio/reels/bsb_sfx_reel_stop_scatter_sweetener_v01.ogg,02_SOURCE_LIBRARY_CC0/Kenney/impact-sounds/Audio/impactBell_heavy_000.ogg,reel scatter bell sweetener,vorbis,44100,2,1480,94b8bb5f2d43ab65e4bcc32b28562416e9bc2c51d9fd4be1e333660ee52f977f
reel.stop.scatter.sweetener,2,01_RUNTIME_READY/audio/reels/bsb_sfx_reel_stop_scatter_sweetener_v02.ogg,02_SOURCE_LIBRARY_CC0/Kenney/impact-sounds/Audio/impactBell_heavy_001.ogg,reel scatter bell sweetener,vorbis,44100,2,1741,9df61e3ae9a83dc65e5a1fd3ed19d480876f3b22b963a1b9ef6fa293592dcec4
reel.stop.scatter.sweetener,3,01_RUNTIME_READY/audio/reels/bsb_sfx_reel_stop_scatter_sweetener_v03.ogg,02_SOURCE_LIBRARY_CC0/OpenGameArt/UI_Feedback_CC0/ui_ogg/Ding.ogg,reel scatter bell sweetener,vorbis,44100,2,999,bc69b15effae9314e8afb86229bb83acdab6afd79d552b786f53a4812d902980
reel.stop.wild.sweetener,1,01_RUNTIME_READY/audio/reels/bsb_sfx_reel_stop_wild_sweetener_v01.ogg,02_SOURCE_LIBRARY_CC0/Kenney/impact-sounds/Audio/impactGlass_light_000.ogg,reel wild glass shimmer,vorbis,44100,2,210,d750cf88097d0c3e69920e6e14496e1444e1a9da01aa4cca8f5ec8cb44c57b4f
reel.stop.wild.sweetener,2,01_RUNTIME_READY/audio/reels/bsb_sfx_reel_stop_wild_sweetener_v02.ogg,02_SOURCE_LIBRARY_CC0/Kenney/impact-sounds/Audio/impactGlass_light_001.ogg,reel wild glass shimmer,vorbis,44100,2,210,05e513fbd42829060eb37855f8c3866722ec5c39a8937c9bfde518cc609effa2
reel.stop.wild.sweetener,3,01_RUNTIME_READY/audio/reels/bsb_sfx_reel_stop_wild_sweetener_v03.ogg,02_SOURCE_LIBRARY_CC0/Kenney/impact-sounds/Audio/impactGlass_light_002.ogg,reel wild glass shimmer,vorbis,44100,2,210,710db7451bb7857b9140dfe6afe4621ea2188ad65eda3919c569d1bb285b933d
reel.stop.bonus.sweetener,1,01_RUNTIME_READY/audio/reels/bsb_sfx_reel_stop_bonus_sweetener_v01.ogg,02_SOURCE_LIBRARY_CC0/Kenney/digital-audio/Audio/powerUp1.ogg,reel bonus powerup sweetener,vorbis,44100,1,1202,8c361b624b560c0bc30ea3063b71212bc30caebf425c9df2481c13b25561485c
reel.stop.bonus.sweetener,2,01_RUNTIME_READY/audio/reels/bsb_sfx_reel_stop_bonus_sweetener_v02.ogg,02_SOURCE_LIBRARY_CC0/Kenney/digital-audio/Audio/powerUp2.ogg,reel bonus powerup sweetener,vorbis,44100,1,470,83786b43d828a399e14ac20604b63a60ca05385977f5477d00304c2adc696204
reel.stop.bonus.sweetener,3,01_RUNTIME_READY/audio/reels/bsb_sfx_reel_stop_bonus_sweetener_v03.ogg,02_SOURCE_LIBRARY_CC0/Kenney/digital-audio/Audio/powerUp3.ogg,reel bonus powerup sweetener,vorbis,44100,1,1149,59e7591f7a068882767bc1fd61edabf479b78787466d3a70bc49dfa0533777d2
reel.bounce,1,01_RUNTIME_READY/audio/reels/bsb_sfx_reel_bounce_v01.ogg,02_SOURCE_LIBRARY_CC0/Kenney/impact-sounds/Audio/impactSoft_medium_000.ogg,reel bounce soft,vorbis,44100,2,118,7d3ba0bb5e60a11b5d3e558c141303dcf494256675fbf753c0d252d2cf0481e3
reel.bounce,2,01_RUNTIME_READY/audio/reels/bsb_sfx_reel_bounce_v02.ogg,02_SOURCE_LIBRARY_CC0/Kenney/impact-sounds/Audio/impactSoft_medium_001.ogg,reel bounce soft,vorbis,44100,2,183,7642a4fd43e547afe4f7adfadb3dabb681c0ff512f52c1674bae30a726841faf
reel.settle,1,01_RUNTIME_READY/audio/reels/bsb_sfx_reel_settle_v01.ogg,02_SOURCE_LIBRARY_CC0/Kenney/impact-sounds/Audio/impactPlate_light_000.ogg,reel settle plate,vorbis,44100,2,542,6e797cf8a5bfc52d7ed5eb47c227974c1cf2a674954fec5b539cea7d62c7282c
reel.settle,2,01_RUNTIME_READY/audio/reels/bsb_sfx_reel_settle_v02.ogg,02_SOURCE_LIBRARY_CC0/Kenney/impact-sounds/Audio/impactPlate_light_001.ogg,reel settle plate,vorbis,44100,2,655,947915c2eb6ac57ee08fd3a48b297fd108d69abc72076e79882c21cad0eef56e
reel.settle,3,01_RUNTIME_READY/audio/reels/bsb_sfx_reel_settle_v03.ogg,02_SOURCE_LIBRARY_CC0/Kenney/impact-sounds/Audio/impactPlate_light_002.ogg,reel settle plate,vorbis,44100,2,489,8ac5869ea434cf0d364872774efe70b2d666a4f02ba35ddfc1e051d336721be8
grid.final.settle,1,01_RUNTIME_READY/audio/reels/bsb_sfx_grid_final_settle_v01.ogg,02_SOURCE_LIBRARY_CC0/OpenGameArt/100_CC0_Wood_Metal_SFX/metal_slam_01.ogg,grid final settle metal,vorbis,48000,2,573,a335ccf202578bd740f930f0648a4dcbbbce3ebb2519335be023532578f56176
grid.final.settle,2,01_RUNTIME_READY/audio/reels/bsb_sfx_grid_final_settle_v02.ogg,02_SOURCE_LIBRARY_CC0/OpenGameArt/75_CC0_Breaking_Falling_Hit_SFX/bfh1_metal_hit_06.ogg,grid final settle metal,vorbis,48000,2,371,f571aff29262c66954900922cd70d1de25e0acd924c5d71c4536137d3659993b
reel.emergency.stop,1,01_RUNTIME_READY/audio/reels/bsb_sfx_reel_emergency_stop_v01.ogg,02_SOURCE_LIBRARY_CC0/OpenGameArt/75_CC0_Breaking_Falling_Hit_SFX/bfh1_metal_falling_01.ogg,reel emergency stop heavy,vorbis,48000,2,1160,7071a56807c7ccf3aa4becba09abd08df0f3e1c844b1ce47d6975dcdfe49562d
reel.emergency.stop,2,01_RUNTIME_READY/audio/reels/bsb_sfx_reel_emergency_stop_v02.ogg,02_SOURCE_LIBRARY_CC0/OpenGameArt/75_CC0_Breaking_Falling_Hit_SFX/bfh1_metal_falling_02.ogg,reel emergency stop heavy,vorbis,48000,2,741,e40e73a05a9b1ae7d45e24aa898bf610b32334dae80a5c00abe3e2ce0f7d207a
symbol.land.low,1,01_RUNTIME_READY/audio/symbols/bsb_sfx_symbol_land_low_v01.ogg,02_SOURCE_LIBRARY_CC0/Kenney/impact-sounds/Audio/impactGeneric_light_000.ogg,symbol land low,vorbis,44100,2,139,f0e982611e97512fee5f777986b67e8b435434b601f94992ec044f7e89fb5acb
symbol.land.low,2,01_RUNTIME_READY/audio/symbols/bsb_sfx_symbol_land_low_v02.ogg,02_SOURCE_LIBRARY_CC0/Kenney/impact-sounds/Audio/impactGeneric_light_001.ogg,symbol land low,vorbis,44100,2,118,c3cd1c073d186ae8fa35788ba94de581f1826e7427a7bb26490b2695fac18efa
symbol.land.low,3,01_RUNTIME_READY/audio/symbols/bsb_sfx_symbol_land_low_v03.ogg,02_SOURCE_LIBRARY_CC0/Kenney/impact-sounds/Audio/impactGeneric_light_002.ogg,symbol land low,vorbis,44100,2,140,d0bf60905b59ff630ffe01eb0edeeacd2504eaa8fb6523aeef7d2458b78264d3
symbol.land.high,1,01_RUNTIME_READY/audio/symbols/bsb_sfx_symbol_land_high_v01.ogg,02_SOURCE_LIBRARY_CC0/Kenney/impact-sounds/Audio/impactGlass_medium_000.ogg,symbol land high,vorbis,44100,2,543,9252d50bfb85edb17d6073c4a7806e10cdb9de56d3dbfc93a4b9727146d2df6d
symbol.land.high,2,01_RUNTIME_READY/audio/symbols/bsb_sfx_symbol_land_high_v02.ogg,02_SOURCE_LIBRARY_CC0/Kenney/impact-sounds/Audio/impactGlass_medium_001.ogg,symbol land high,vorbis,44100,2,543,d3d806cb3012c9ddd87010b30295ccb74d6d8b690077d19e67afd09a9d8feb03
symbol.land.high,3,01_RUNTIME_READY/audio/symbols/bsb_sfx_symbol_land_high_v03.ogg,02_SOURCE_LIBRARY_CC0/Kenney/impact-sounds/Audio/impactGlass_medium_002.ogg,symbol land high,vorbis,44100,2,543,48616f22c95589ed9fe55babf0fd012721d7b2ef1b9e85c2ad6408a2cd7c164f
symbol.win.low,1,01_RUNTIME_READY/audio/symbols/bsb_sfx_symbol_win_low_v01.wav,02_SOURCE_LIBRARY_CC0/OpenGameArt/31_Metal_Pings_Scrapes_CC0/pings and scrapes/pings and scrapes - Marker #1.wav,symbol win low ping,pcm_s16le,44100,2,1719,bfeb4d42ad0827d9f95ab61c6327adbd4bf75601ba0ae8802831708eb7b63a33
symbol.win.low,2,01_RUNTIME_READY/audio/symbols/bsb_sfx_symbol_win_low_v02.wav,02_SOURCE_LIBRARY_CC0/OpenGameArt/31_Metal_Pings_Scrapes_CC0/pings and scrapes/pings and scrapes - Marker #2.wav,symbol win low ping,pcm_s16le,44100,2,3685,594df0bcfea33794b4b52f9344bd8f718a88d589f8db191bb0a20a5ca3c81a72
symbol.win.low,3,01_RUNTIME_READY/audio/symbols/bsb_sfx_symbol_win_low_v03.wav,02_SOURCE_LIBRARY_CC0/OpenGameArt/31_Metal_Pings_Scrapes_CC0/pings and scrapes/pings and scrapes - Marker #3.wav,symbol win low ping,pcm_s16le,44100,2,1898,4250cbd117204a72a5a9298dea3467010b20cf8628489de55c29225b6540e052
symbol.win.high,1,01_RUNTIME_READY/audio/symbols/bsb_sfx_symbol_win_high_v01.ogg,02_SOURCE_LIBRARY_CC0/Kenney/impact-sounds/Audio/impactBell_heavy_002.ogg,symbol win high bell,vorbis,44100,2,697,a4171ed1a4a17fb858a38de1c59b5b42e50d8f046c525706c0e3ac8671f189f5
symbol.win.high,2,01_RUNTIME_READY/audio/symbols/bsb_sfx_symbol_win_high_v02.ogg,02_SOURCE_LIBRARY_CC0/Kenney/impact-sounds/Audio/impactBell_heavy_003.ogg,symbol win high bell,vorbis,44100,2,654,5572ccdeb3b62373b86fa955355b3a222c36e815f0636ba16165189a21cf2514
symbol.win.high,3,01_RUNTIME_READY/audio/symbols/bsb_sfx_symbol_win_high_v03.ogg,02_SOURCE_LIBRARY_CC0/Kenney/impact-sounds/Audio/impactBell_heavy_004.ogg,symbol win high bell,vorbis,44100,2,301,49fe4fafa2001bd0d312976796824571ca8429851f285997e1327d17bb34fd00
symbol.destroy.low,1,01_RUNTIME_READY/audio/symbols/bsb_sfx_symbol_destroy_low_v01.ogg,02_SOURCE_LIBRARY_CC0/OpenGameArt/75_CC0_Breaking_Falling_Hit_SFX/bfh1_hit_01.ogg,symbol destroy low,vorbis,48000,2,729,56c627582671ee7f7910d87dee7a0a77814143e06b430cd10cd9e674ec1990d5
symbol.destroy.low,2,01_RUNTIME_READY/audio/symbols/bsb_sfx_symbol_destroy_low_v02.ogg,02_SOURCE_LIBRARY_CC0/OpenGameArt/75_CC0_Breaking_Falling_Hit_SFX/bfh1_hit_02.ogg,symbol destroy low,vorbis,48000,2,797,a3bd154c391e65947dcd700dfa64b927676253a2e1d229e63443f0ef5f955474
symbol.destroy.high,1,01_RUNTIME_READY/audio/symbols/bsb_sfx_symbol_destroy_high_v01.ogg,02_SOURCE_LIBRARY_CC0/OpenGameArt/75_CC0_Breaking_Falling_Hit_SFX/bfh1_glass_breaking_01.ogg,symbol destroy high glass,vorbis,48000,2,761,438c45398ee77a40d5cc6ffcc59db0cdc709dc6d0521da5e2896b4afc19fcacb
symbol.destroy.high,2,01_RUNTIME_READY/audio/symbols/bsb_sfx_symbol_destroy_high_v02.ogg,02_SOURCE_LIBRARY_CC0/OpenGameArt/75_CC0_Breaking_Falling_Hit_SFX/bfh1_glass_breaking_02.ogg,symbol destroy high glass,vorbis,48000,2,388,35dcb1dc69338bad745e1cd56c676d04e4afb6687b9aa6d05ba83a255252747b
symbol.drop,1,01_RUNTIME_READY/audio/symbols/bsb_sfx_symbol_drop_v01.ogg,02_SOURCE_LIBRARY_CC0/Kenney/impact-sounds/Audio/impactPlate_light_003.ogg,symbol drop,vorbis,44100,2,528,dbfb7c1d002576696df3e9a43d6639ee3f342068398b5e7b55bc2389d20508a9
symbol.drop,2,01_RUNTIME_READY/audio/symbols/bsb_sfx_symbol_drop_v02.ogg,02_SOURCE_LIBRARY_CC0/Kenney/impact-sounds/Audio/impactPlate_light_004.ogg,symbol drop,vorbis,44100,2,657,9cb33b0c0cce948313f078b60769d2f8e4075472494fc8f8129aa4a23c951897
wild.land,1,01_RUNTIME_READY/audio/symbols/bsb_sfx_wild_land_v01.ogg,02_SOURCE_LIBRARY_CC0/Kenney/digital-audio/Audio/zap1.ogg,wild land electric,vorbis,44100,1,1019,4e4bf11c671a4be0723022a7177f8e122329fa32a0c59555581f4193ed111585
wild.land,2,01_RUNTIME_READY/audio/symbols/bsb_sfx_wild_land_v02.ogg,02_SOURCE_LIBRARY_CC0/Kenney/digital-audio/Audio/zap2.ogg,wild land electric,vorbis,44100,1,1228,169cf3876647bae0a28a7eb3fc5b5bd573ab9efae7b56b64a8700ff9bafb3494
wild.activate,1,01_RUNTIME_READY/audio/symbols/bsb_sfx_wild_activate_v01.ogg,02_SOURCE_LIBRARY_CC0/Kenney/digital-audio/Audio/powerUp8.ogg,wild activate powerup,vorbis,44100,1,575,2a2adebaacbf07cc89c194e5d088c8e01cad8557800559d6cb5b6106b6739508
wild.activate,2,01_RUNTIME_READY/audio/symbols/bsb_sfx_wild_activate_v02.ogg,02_SOURCE_LIBRARY_CC0/Kenney/digital-audio/Audio/powerUp9.ogg,wild activate powerup,vorbis,44100,1,549,7dfa3198ab951f09bee096bcd08db6faafcdb57a6bf416c91e1fa9a8321076e5
scatter.land,1,01_RUNTIME_READY/audio/symbols/bsb_sfx_scatter_land_v01.ogg,02_SOURCE_LIBRARY_CC0/OpenGameArt/UI_Feedback_CC0/ui_ogg/chimes.ogg,scatter land chime,vorbis,44100,2,2005,bb9c1826553beb87e47a534f9608a7dcd236614bb6194f4323d4661df81e895e
scatter.land,2,01_RUNTIME_READY/audio/symbols/bsb_sfx_scatter_land_v02.ogg,02_SOURCE_LIBRARY_CC0/Kenney/impact-sounds/Audio/impactBell_heavy_001.ogg,scatter land chime,vorbis,44100,2,1741,9df61e3ae9a83dc65e5a1fd3ed19d480876f3b22b963a1b9ef6fa293592dcec4
scatter.activate,1,01_RUNTIME_READY/audio/symbols/bsb_sfx_scatter_activate_v01.wav,02_SOURCE_LIBRARY_CC0/OpenGameArt/IgnisForge_43_CC0_SFX/jackpot_01.wav,scatter activate jackpot,pcm_s16le,44100,1,1811,dc3b1a09efe3101d2a3c2685d6bddddc9c03b67b1ec11ef6e217b3e7891f8a3a
scatter.activate,2,01_RUNTIME_READY/audio/symbols/bsb_sfx_scatter_activate_v02.wav,02_SOURCE_LIBRARY_CC0/OpenGameArt/IgnisForge_43_CC0_SFX/jackpot_04.wav,scatter activate jackpot,pcm_s16le,44100,1,1616,1988035a7e84f8568c02d8210788ec72ffadc117eaa6f85d8a89f4096ee00ab9
multiplier.increment,1,01_RUNTIME_READY/audio/symbols/bsb_sfx_multiplier_increment_v01.wav,02_SOURCE_LIBRARY_CC0/OpenGameArt/31_Metal_Pings_Scrapes_CC0/pings and scrapes/pings and scrapes - Marker #8.wav,multiplier increment metal ping,pcm_s16le,44100,2,2006,dcc5903290ba410a23abe316d1dff634d6ef9bb20ac2e2de62041f157eed5e17
multiplier.increment,2,01_RUNTIME_READY/audio/symbols/bsb_sfx_multiplier_increment_v02.wav,02_SOURCE_LIBRARY_CC0/OpenGameArt/31_Metal_Pings_Scrapes_CC0/pings and scrapes/pings and scrapes - Marker #9.wav,multiplier increment metal ping,pcm_s16le,44100,2,2472,c2bff334e88edb82cbfa1d095893d2620566b60faf542d36d2d25da02bc331d9
multiplier.apply,1,01_RUNTIME_READY/audio/symbols/bsb_sfx_multiplier_apply_v01.ogg,02_SOURCE_LIBRARY_CC0/OpenGameArt/UI_Feedback_CC0/ui_ogg/ding_deep.ogg,multiplier apply deep,vorbis,44100,2,1893,7e61202079948a5bb7bb6bb37f22d3d367abdcfb9afd73a52e6f883a93de24be
multiplier.apply,2,01_RUNTIME_READY/audio/symbols/bsb_sfx_multiplier_apply_v02.ogg,02_SOURCE_LIBRARY_CC0/Kenney/impact-sounds/Audio/impactBell_heavy_004.ogg,multiplier apply deep,vorbis,44100,2,301,49fe4fafa2001bd0d312976796824571ca8429851f285997e1327d17bb34fd00
collector.collect,1,01_RUNTIME_READY/audio/symbols/bsb_sfx_collector_collect_v01.ogg,02_SOURCE_LIBRARY_CC0/OpenGameArt/80_CC0_RPG_SFX/item_coins_03.ogg,collector coin collect,vorbis,48000,2,482,cd89cae2221ab5e911f93c208e8b905290f695eea3b1830bc9012cc46f6c047b
collector.collect,2,01_RUNTIME_READY/audio/symbols/bsb_sfx_collector_collect_v02.ogg,02_SOURCE_LIBRARY_CC0/OpenGameArt/80_CC0_RPG_SFX/item_coins_04.ogg,collector coin collect,vorbis,48000,2,1610,122b633be3e61f35363b28e7ca5f11257d9d7f2759547ba1441cf541a3e5792b
symbol.lock,1,01_RUNTIME_READY/audio/symbols/bsb_sfx_symbol_lock_v01.ogg,02_SOURCE_LIBRARY_CC0/OpenGameArt/80_CC0_RPG_SFX/lock_01.ogg,symbol lock,vorbis,48000,2,411,e828ad2a936e34a0212f3309c5ac706c0ded412b9b383a87f10bcfa1d1445271
symbol.lock,2,01_RUNTIME_READY/audio/symbols/bsb_sfx_symbol_lock_v02.ogg,02_SOURCE_LIBRARY_CC0/Kenney/rpg-audio/Audio/metalLatch.ogg,symbol lock,vorbis,48000,2,261,ba9ba60b172b3ebc131a940f25793cd2e207aca7af73dc80d637277f060f1708
symbol.unlock,1,01_RUNTIME_READY/audio/symbols/bsb_sfx_symbol_unlock_v01.ogg,02_SOURCE_LIBRARY_CC0/OpenGameArt/80_CC0_RPG_SFX/lock_02.ogg,symbol unlock,vorbis,48000,2,397,e183464a4e28c1764c70e980465faaf6ea8c33c8ea4a2b636a3ae2c58e8740f5
symbol.unlock,2,01_RUNTIME_READY/audio/symbols/bsb_sfx_symbol_unlock_v02.ogg,02_SOURCE_LIBRARY_CC0/OpenGameArt/100_CC0_Wood_Metal_SFX/lock_open_01.ogg,symbol unlock,vorbis,48000,2,737,f37728690c9559d32527b55e25102a1acb7beafdfab7ad12e099285d13d29e01
symbol.special.reveal,1,01_RUNTIME_READY/audio/symbols/bsb_sfx_symbol_special_reveal_v01.ogg,02_SOURCE_LIBRARY_CC0/Kenney/digital-audio/Audio/phaseJump4.ogg,symbol special reveal,vorbis,44100,2,470,90e1c90b9da3d0be66b54f4daa926f0fde79eba867dec7e9d1eef10524756e19
symbol.special.reveal,2,01_RUNTIME_READY/audio/symbols/bsb_sfx_symbol_special_reveal_v02.ogg,02_SOURCE_LIBRARY_CC0/Kenney/digital-audio/Audio/phaseJump5.ogg,symbol special reveal,vorbis,44100,2,418,322d62ab7da973880d86c5ad217a2da85916ed95aa6c8d29991de392fd0f7522
cascade.trigger,1,01_RUNTIME_READY/audio/cascades/bsb_sfx_cascade_trigger_v01.wav,02_SOURCE_LIBRARY_CC0/OpenGameArt/13_Swishes_CC0/swishes/swish-5.wav,cascade trigger swish,pcm_s24le,44100,2,127,4db41f2d2f97caf94627be05ff2870217fecc86534cf30f2aab413b847a0d50a
cascade.trigger,2,01_RUNTIME_READY/audio/cascades/bsb_sfx_cascade_trigger_v02.wav,02_SOURCE_LIBRARY_CC0/OpenGameArt/13_Swishes_CC0/swishes/swish-6.wav,cascade trigger swish,pcm_s24le,44100,2,138,edcaacf008da7ae692566f4fe0d6023ea68d0a014149889e95209be7ee0b746d
cascade.dissolve,1,01_RUNTIME_READY/audio/cascades/bsb_sfx_cascade_dissolve_v01.ogg,02_SOURCE_LIBRARY_CC0/OpenGameArt/50_CC0_SciFi_SFX/weird_01.ogg,cascade dissolve digital,vorbis,44100,2,696,2c02bf4863f70d071987df76c9d18ac1f579316cdceb584d8685da2d03e177ba
cascade.dissolve,2,01_RUNTIME_READY/audio/cascades/bsb_sfx_cascade_dissolve_v02.ogg,02_SOURCE_LIBRARY_CC0/OpenGameArt/50_CC0_SciFi_SFX/weird_02.ogg,cascade dissolve digital,vorbis,44100,2,1040,0cf476f79bd84a76b2285061b99ca079294d5fb37ab32499f94d090898155ba7
cascade.fall,1,01_RUNTIME_READY/audio/cascades/bsb_sfx_cascade_fall_v01.ogg,02_SOURCE_LIBRARY_CC0/OpenGameArt/30_CC0_SFX_Loops/rolling.ogg,cascade fall,vorbis,48000,2,1056,24b5fd290b2008de9b087687ae41db833068a86ef7c0f1b230ce8bf0859b7291
cascade.fall,2,01_RUNTIME_READY/audio/cascades/bsb_sfx_cascade_fall_v02.ogg,02_SOURCE_LIBRARY_CC0/Kenney/digital-audio/Audio/phaserDown2.ogg,cascade fall,vorbis,44100,2,313,0eaadbbc5c259cc89a1dfbb0c99b61ca07e08710d035cc9bfc805b68cb0bdc9e
cascade.land,1,01_RUNTIME_READY/audio/cascades/bsb_sfx_cascade_land_v01.ogg,02_SOURCE_LIBRARY_CC0/Kenney/impact-sounds/Audio/impactPlate_medium_000.ogg,cascade land,vorbis,44100,2,609,b670d30452983369771081319c268475edaaafe782bf4e8d70bd7eef09d8823c
cascade.land,2,01_RUNTIME_READY/audio/cascades/bsb_sfx_cascade_land_v02.ogg,02_SOURCE_LIBRARY_CC0/Kenney/impact-sounds/Audio/impactPlate_medium_001.ogg,cascade land,vorbis,44100,2,616,68ba7701b71ef620f498f3038e832157d71ac8db7ad59424545890b250ceb24e
cascade.refill,1,01_RUNTIME_READY/audio/cascades/bsb_sfx_cascade_refill_v01.ogg,02_SOURCE_LIBRARY_CC0/Kenney/digital-audio/Audio/phaserUp2.ogg,cascade refill,vorbis,44100,2,418,8f158744623b8d7a6d68aec5ba0716b8edd76a7461646071120c81f81dc54792
cascade.refill,2,01_RUNTIME_READY/audio/cascades/bsb_sfx_cascade_refill_v02.ogg,02_SOURCE_LIBRARY_CC0/Kenney/digital-audio/Audio/phaserUp3.ogg,cascade refill,vorbis,44100,2,522,d6edcbde2c7190e275ef3eba08a8886129153a361cd0e16dc0fb58206deb5e53
cascade.step,1,01_RUNTIME_READY/audio/cascades/bsb_sfx_cascade_step_v01.wav,02_SOURCE_LIBRARY_CC0/OpenGameArt/31_Metal_Pings_Scrapes_CC0/pings and scrapes/pings and scrapes - Marker #10.wav,cascade step ping,pcm_s16le,44100,2,2559,88b98a3941887628512af79420d80ef0dce2381d1631cace9a4aaaf408350d04
cascade.step,2,01_RUNTIME_READY/audio/cascades/bsb_sfx_cascade_step_v02.wav,02_SOURCE_LIBRARY_CC0/OpenGameArt/31_Metal_Pings_Scrapes_CC0/pings and scrapes/pings and scrapes - Marker #11.wav,cascade step ping,pcm_s16le,44100,2,2077,aeb35cf6a3256bc2358355c789876c18edf45d59c0f3df17bdadb70c860f9d77
cascade.combo.increase,1,01_RUNTIME_READY/audio/cascades/bsb_sfx_cascade_combo_increase_v01.ogg,02_SOURCE_LIBRARY_CC0/Kenney/music-jingles/Audio/Hit jingles/jingles_HIT03.ogg,cascade combo increase,vorbis,44100,2,746,889d4c2b76c7edd63138b3a976c3f7337aaba3de90019d19bca70ec958c93014
cascade.combo.increase,2,01_RUNTIME_READY/audio/cascades/bsb_sfx_cascade_combo_increase_v02.ogg,02_SOURCE_LIBRARY_CC0/Kenney/music-jingles/Audio/Steel jingles/jingles_STEEL03.ogg,cascade combo increase,vorbis,44100,2,1387,21233e95b5e2c167293484c9906264c632a5f1fe45744d1d5b52ba1dfb0a18fb
cascade.end,1,01_RUNTIME_READY/audio/cascades/bsb_sfx_cascade_end_v01.ogg,02_SOURCE_LIBRARY_CC0/Kenney/interface-sounds/Audio/confirmation_004.ogg,cascade end,vorbis,44100,1,490,568967a3d9f8a8f6af54ea01729c4882284308f2a27d78c07ffd7ee0d6951661
cascade.end,2,01_RUNTIME_READY/audio/cascades/bsb_sfx_cascade_end_v02.ogg,02_SOURCE_LIBRARY_CC0/Kenney/music-jingles/Audio/Hit jingles/jingles_HIT00.ogg,cascade end,vorbis,44100,2,284,e23d8c9e971a4e34484bc834a3ec1d560811ec6f5edd5efa2c61e583c18c504a
win.micro.hit,1,01_RUNTIME_READY/audio/wins/bsb_sfx_win_micro_hit_v01.wav,02_SOURCE_LIBRARY_CC0/OpenGameArt/IgnisForge_43_CC0_SFX/coin_01.wav,win micro coin,pcm_s16le,44100,1,203,042e8fbf111ad101841a94ee713e2b90a06bdfd8bdbd77b311eee456d636ce69
win.micro.hit,2,01_RUNTIME_READY/audio/wins/bsb_sfx_win_micro_hit_v02.wav,02_SOURCE_LIBRARY_CC0/OpenGameArt/IgnisForge_43_CC0_SFX/coin_05.wav,win micro coin,pcm_s16le,44100,1,198,beca6520c622fa97104f0de5a35dd9df2cf5b78fd51675ab78c92db3de29176b
win.micro.hit,3,01_RUNTIME_READY/audio/wins/bsb_sfx_win_micro_hit_v03.ogg,02_SOURCE_LIBRARY_CC0/OpenGameArt/80_CC0_RPG_SFX/item_coins_01.ogg,win micro coin,vorbis,48000,2,406,4e701b281a4f88768beccbe87af4574d13ac5a4bc5cab6c522f0e79823d6e428
win.small.hit,1,01_RUNTIME_READY/audio/wins/bsb_sfx_win_small_hit_v01.wav,02_SOURCE_LIBRARY_CC0/OpenGameArt/IgnisForge_43_CC0_SFX/jingle_01.wav,win small jingle,pcm_s16le,44100,1,550,74c1243abe26f4577d88ac9a9c740f238c9736941e5ddf6a8050e62503d6b024
win.small.hit,2,01_RUNTIME_READY/audio/wins/bsb_sfx_win_small_hit_v02.ogg,02_SOURCE_LIBRARY_CC0/Kenney/music-jingles/Audio/Hit jingles/jingles_HIT01.ogg,win small jingle,vorbis,44100,2,506,ddca9df332d7cdab525bbbe62ca26e9d61aa64bfa626d9516d5c53eb91c45322
win.medium.hit,1,01_RUNTIME_READY/audio/wins/bsb_sfx_win_medium_hit_v01.wav,02_SOURCE_LIBRARY_CC0/OpenGameArt/IgnisForge_43_CC0_SFX/jingle_04.wav,win medium jingle,pcm_s16le,44100,1,754,bcc17c6be88b271280753b5cc385b17ef748e21229eff0ac26138b6820ca390f
win.medium.hit,2,01_RUNTIME_READY/audio/wins/bsb_sfx_win_medium_hit_v02.ogg,02_SOURCE_LIBRARY_CC0/Kenney/music-jingles/Audio/Steel jingles/jingles_STEEL05.ogg,win medium jingle,vorbis,44100,2,945,7e1f170ee00a8265723342c8d30e797a64641603a2c59c2316d3357b8c5f60d6
win.large.hit,1,01_RUNTIME_READY/audio/wins/bsb_sfx_win_large_hit_v01.wav,02_SOURCE_LIBRARY_CC0/OpenGameArt/IgnisForge_43_CC0_SFX/jingle_07.wav,win large jingle,pcm_s16le,44100,1,664,8d52ca8f3f9a9d411bc06e04723e7b01d92f0cd094a4919dbc78680fdd50330f
win.large.hit,2,01_RUNTIME_READY/audio/wins/bsb_sfx_win_large_hit_v02.ogg,02_SOURCE_LIBRARY_CC0/Kenney/music-jingles/Audio/Steel jingles/jingles_STEEL09.ogg,win large jingle,vorbis,44100,2,586,6eba3198a05a3388be4a1edc2d11135ac2b924d8418704e94636d3e0af3c2854
win.banner.in,1,01_RUNTIME_READY/audio/wins/bsb_sfx_win_banner_in_v01.wav,02_SOURCE_LIBRARY_CC0/OpenGameArt/13_Swishes_CC0/swishes/swish-10.wav,win banner in,pcm_s24le,44100,2,125,4f7381a76f280d3f36f962ac3f44f16f77eec44797f30715d063c81ea3859024
win.banner.in,2,01_RUNTIME_READY/audio/wins/bsb_sfx_win_banner_in_v02.wav,02_SOURCE_LIBRARY_CC0/OpenGameArt/13_Swishes_CC0/swishes/swish-11.wav,win banner in,pcm_s24le,44100,2,104,9e81d548d8215fbb36f7a41b5771d4b52c2fd02fbb9b5ff9a4c65118fd88ee4d
win.banner.out,1,01_RUNTIME_READY/audio/wins/bsb_sfx_win_banner_out_v01.wav,02_SOURCE_LIBRARY_CC0/OpenGameArt/13_Swishes_CC0/swishes/swish-12.wav,win banner out,pcm_s24le,44100,2,76,0513a86d428d9ed8601e93b8554580a5932c6c1a82d39d81a8f48883f1807a67
win.banner.out,2,01_RUNTIME_READY/audio/wins/bsb_sfx_win_banner_out_v02.wav,02_SOURCE_LIBRARY_CC0/OpenGameArt/13_Swishes_CC0/swishes/swish-13.wav,win banner out,pcm_s24le,44100,2,71,698230ba3fe05a68c18d68cd6b3a07fb98e6c1198bb1a4238592ee9912c02c77
win.count.tick,1,01_RUNTIME_READY/audio/wins/bsb_sfx_win_count_tick_v01.wav,02_SOURCE_LIBRARY_CC0/OpenGameArt/31_Metal_Pings_Scrapes_CC0/pings and scrapes/pings and scrapes - Marker #12.wav,win count tick,pcm_s16le,44100,2,2204,bcf50f17288295f40460711902ddcf1a003bf9e360d50594d8844a3e189bd962
win.count.tick,2,01_RUNTIME_READY/audio/wins/bsb_sfx_win_count_tick_v02.wav,02_SOURCE_LIBRARY_CC0/OpenGameArt/31_Metal_Pings_Scrapes_CC0/pings and scrapes/pings and scrapes - Marker #13.wav,win count tick,pcm_s16le,44100,2,3026,8d1ceafa7393da52b78f315d9561349ab4df84c810e15906c3c6856ccde7b47f
win.count.tick,3,01_RUNTIME_READY/audio/wins/bsb_sfx_win_count_tick_v03.wav,02_SOURCE_LIBRARY_CC0/OpenGameArt/IgnisForge_43_CC0_SFX/blip_10.wav,win count tick,pcm_s16le,44100,1,47,8f1f1d1c0cec6235fd23f5ac7f8aaec04a679ef67448e0b462209149fe3a1281
win.count.end,1,01_RUNTIME_READY/audio/wins/bsb_sfx_win_count_end_v01.ogg,02_SOURCE_LIBRARY_CC0/OpenGameArt/UI_Feedback_CC0/ui_ogg/Ding.ogg,win count end,vorbis,44100,2,999,bc69b15effae9314e8afb86229bb83acdab6afd79d552b786f53a4812d902980
win.count.end,2,01_RUNTIME_READY/audio/wins/bsb_sfx_win_count_end_v02.ogg,02_SOURCE_LIBRARY_CC0/Kenney/music-jingles/Audio/Hit jingles/jingles_HIT04.ogg,win count end,vorbis,44100,2,639,7c20cd8d6b98e583822e1f58abc596900a07ba75ca690ec599efe5ea58981211
win.gold.shimmer,1,01_RUNTIME_READY/audio/wins/bsb_sfx_win_gold_shimmer_v01.ogg,02_SOURCE_LIBRARY_CC0/Kenney/impact-sounds/Audio/impactGlass_light_003.ogg,win gold glass shimmer,vorbis,44100,2,210,765290ce32fa108c939a0dbd6fbacbcd05abde622b57b708eb8a64058ef4225a
win.gold.shimmer,2,01_RUNTIME_READY/audio/wins/bsb_sfx_win_gold_shimmer_v02.ogg,02_SOURCE_LIBRARY_CC0/Kenney/impact-sounds/Audio/impactGlass_light_004.ogg,win gold glass shimmer,vorbis,44100,2,210,f535b7cb7835400d8d28bcf9e1cf047ce3c0eb7a6456bdb1a4a27acbec1ed2cb
win.coin.shower,1,01_RUNTIME_READY/audio/wins/bsb_sfx_win_coin_shower_v01.ogg,02_SOURCE_LIBRARY_CC0/Kenney/casino-audio/Audio/chips-collide-1.ogg,win coin chip shower,vorbis,44100,2,259,f41b3d106360fc68ebc061a211d4265b4cb5fa1fbe86e4d57d3673510e2c3784
win.coin.shower,2,01_RUNTIME_READY/audio/wins/bsb_sfx_win_coin_shower_v02.ogg,02_SOURCE_LIBRARY_CC0/Kenney/casino-audio/Audio/chips-collide-2.ogg,win coin chip shower,vorbis,44100,2,230,2a10c5ff4b2fbaa55a317fc258ddce3fec85bd26db2d3c2ad298b3b33ce23bc6
win.coin.shower,3,01_RUNTIME_READY/audio/wins/bsb_sfx_win_coin_shower_v03.ogg,02_SOURCE_LIBRARY_CC0/Kenney/casino-audio/Audio/chips-collide-3.ogg,win coin chip shower,vorbis,44100,2,259,1c5e885f72b64c38fff7ef05579e49310e7acf026cf123ffb65fffb57fb06e1c
win.sub.impact,1,01_RUNTIME_READY/audio/wins/bsb_sfx_win_sub_impact_v01.ogg,02_SOURCE_LIBRARY_CC0/Kenney/impact-sounds/Audio/impactPunch_heavy_000.ogg,win sub impact,vorbis,44100,2,649,b33a8f14068aec24ec69ba85e5e87fdc41228975f6a1a3e44a6e7d6fc3d9f8d8
win.sub.impact,2,01_RUNTIME_READY/audio/wins/bsb_sfx_win_sub_impact_v02.ogg,02_SOURCE_LIBRARY_CC0/Kenney/impact-sounds/Audio/impactPunch_heavy_001.ogg,win sub impact,vorbis,44100,2,536,f92f5cb6ba4ff2766497292ffd90865654317eeca976f5652e0708dbdcdc0dd9
win.big.intro,1,01_RUNTIME_READY/audio/wins/bsb_sfx_win_big_intro_v01.ogg,02_SOURCE_LIBRARY_CC0/Kenney/music-jingles/Audio/Steel jingles/jingles_STEEL10.ogg,big win intro,vorbis,44100,2,909,88a6645658b15dc327a2377ca7354e364625f081cd6ff9fda0b46dc54f664b71
win.big.intro,2,01_RUNTIME_READY/audio/wins/bsb_sfx_win_big_intro_v02.ogg,02_SOURCE_LIBRARY_CC0/Kenney/music-jingles/Audio/Hit jingles/jingles_HIT10.ogg,big win intro,vorbis,44100,2,746,8e246cd4099bb170dbd53a9c4c1e2113c57f4c5469abf4fcb7953cd6ae894bff
win.mega.intro,1,01_RUNTIME_READY/audio/wins/bsb_sfx_win_mega_intro_v01.ogg,02_SOURCE_LIBRARY_CC0/Kenney/music-jingles/Audio/Steel jingles/jingles_STEEL12.ogg,mega win intro,vorbis,44100,2,1256,17842dd21980be3373a01cc575eec8ddb86e2a49c3afcef7365fc5d907233c0b
win.mega.intro,2,01_RUNTIME_READY/audio/wins/bsb_sfx_win_mega_intro_v02.ogg,02_SOURCE_LIBRARY_CC0/Kenney/music-jingles/Audio/Hit jingles/jingles_HIT12.ogg,mega win intro,vorbis,44100,2,275,4ef863027af0574b7f2e83a48d9cb67922a72f3ea1b361a0f767630e135fb3af
win.epic.intro,1,01_RUNTIME_READY/audio/wins/bsb_sfx_win_epic_intro_v01.ogg,02_SOURCE_LIBRARY_CC0/Kenney/music-jingles/Audio/Steel jingles/jingles_STEEL14.ogg,epic win intro,vorbis,44100,2,1375,a24f6f6f76063d8e0442b15e660896ec4dd11a7be45d19f71088408e002c99f8
win.epic.intro,2,01_RUNTIME_READY/audio/wins/bsb_sfx_win_epic_intro_v02.wav,02_SOURCE_LIBRARY_CC0/OpenGameArt/IgnisForge_43_CC0_SFX/jackpot_04.wav,epic win intro,pcm_s16le,44100,1,1616,1988035a7e84f8568c02d8210788ec72ffadc117eaa6f85d8a89f4096ee00ab9
win.max.intro,1,01_RUNTIME_READY/audio/wins/bsb_sfx_win_max_intro_v01.ogg,02_SOURCE_LIBRARY_CC0/Kenney/music-jingles/Audio/Steel jingles/jingles_STEEL16.ogg,max win victory,vorbis,44100,2,909,03f2048dc74dae100bc29b8cd59b4497ac7a057dae32c207916495c5dc214083
win.max.intro,2,01_RUNTIME_READY/audio/wins/bsb_sfx_win_max_intro_v02.ogg,02_SOURCE_LIBRARY_CC0/OpenGameArt/Dark_SciFi_Audio_Pack_CC0/ogg/victory.ogg,max win victory,vorbis,44100,2,5878,9acde356c84b1d326a3e7b813e43e8849596a285796144f7fabed898f2c21007
anticipation.start,1,01_RUNTIME_READY/audio/anticipation/bsb_sfx_anticipation_start_v01.ogg,02_SOURCE_LIBRARY_CC0/Kenney/digital-audio/Audio/powerUp10.ogg,anticipation start,vorbis,44100,1,653,e4d2c7707655361678ccd358048b7956753e4f333e99545b4ae25e07a9b2ef9b
anticipation.start,2,01_RUNTIME_READY/audio/anticipation/bsb_sfx_anticipation_start_v02.ogg,02_SOURCE_LIBRARY_CC0/Kenney/digital-audio/Audio/phaseJump2.ogg,anticipation start,vorbis,44100,2,392,5d85717cfca231f7da7887cef5f44b2131bbe3308eb0c1fee0b4f9e61d59b571
anticipation.pulse,1,01_RUNTIME_READY/audio/anticipation/bsb_sfx_anticipation_pulse_v01.ogg,02_SOURCE_LIBRARY_CC0/OpenGameArt/Dark_SciFi_Audio_Pack_CC0/ogg/pulse.ogg,anticipation pulse,vorbis,44100,2,71131,6350f0e1ab342c0d358346094334dfb74ed842abda33d8e1653336c13dd530ae
anticipation.heartbeat,1,01_RUNTIME_READY/audio/anticipation/bsb_sfx_anticipation_heartbeat_v01.ogg,02_SOURCE_LIBRARY_CC0/Kenney/digital-audio/Audio/lowRandom.ogg,anticipation heartbeat,vorbis,44100,1,549,ceefeeeb6982838d78ac9059a845ca614b3bd94580a9a9127fd5834d6206f739
anticipation.heartbeat,2,01_RUNTIME_READY/audio/anticipation/bsb_sfx_anticipation_heartbeat_v02.ogg,02_SOURCE_LIBRARY_CC0/OpenGameArt/UI_Feedback_CC0/ui_ogg/dum.ogg,anticipation heartbeat,vorbis,44100,2,374,5a6db933faefdde2572a23f41ab5f64912ef1c60cd5f8c4ab1ee5d03b04ea009
anticipation.alarm.low,1,01_RUNTIME_READY/audio/anticipation/bsb_sfx_anticipation_alarm_low_v01.ogg,02_SOURCE_LIBRARY_CC0/OpenGameArt/30_CC0_SFX_Loops/alarm_01.ogg,anticipation alarm low,vorbis,48000,2,1979,c610a2e85119e9637680a2a48cc0d74e330c52cf7dee9a88362fbb53df11598f
anticipation.alarm.high,1,01_RUNTIME_READY/audio/anticipation/bsb_sfx_anticipation_alarm_high_v01.ogg,02_SOURCE_LIBRARY_CC0/OpenGameArt/30_CC0_SFX_Loops/alarm_03.ogg,anticipation alarm high,vorbis,48000,2,1054,eb34cc19e782d6cefa033878e06819743a16d8d8b8e05b1cd19555d820c8017b
anticipation.riser.short,1,01_RUNTIME_READY/audio/anticipation/bsb_sfx_anticipation_riser_short_v01.ogg,02_SOURCE_LIBRARY_CC0/Kenney/digital-audio/Audio/phaserUp4.ogg,anticipation riser short,vorbis,44100,2,366,a64a69368af9d85dfce8dd38432fd6c9935a7766621782193102c9cb276571fc
anticipation.riser.short,2,01_RUNTIME_READY/audio/anticipation/bsb_sfx_anticipation_riser_short_v02.ogg,02_SOURCE_LIBRARY_CC0/Kenney/digital-audio/Audio/phaserUp5.ogg,anticipation riser short,vorbis,44100,2,313,704433167121712c456fa7f06af96c975a28f9a022d91feb68196bb073704ea0
anticipation.riser.long,1,01_RUNTIME_READY/audio/anticipation/bsb_sfx_anticipation_riser_long_v01.ogg,02_SOURCE_LIBRARY_CC0/Kenney/digital-audio/Audio/phaserUp6.ogg,anticipation riser long,vorbis,44100,2,340,39616fbeb3cf28288873502e99acfc590705d54bf7f58ef3f1a23cec72dd22db
anticipation.riser.long,2,01_RUNTIME_READY/audio/anticipation/bsb_sfx_anticipation_riser_long_v02.ogg,02_SOURCE_LIBRARY_CC0/Kenney/digital-audio/Audio/phaserUp7.ogg,anticipation riser long,vorbis,44100,2,366,47ff0828ef14d4944689e771a50bc4e991a88067bea1ba46a06c6aeb1e03c2a3
anticipation.success,1,01_RUNTIME_READY/audio/anticipation/bsb_sfx_anticipation_success_v01.wav,02_SOURCE_LIBRARY_CC0/OpenGameArt/IgnisForge_43_CC0_SFX/powerup_15.wav,anticipation success,pcm_s16le,44100,1,341,21408ad6855085f74395c2257d4abfffe89bb1e6f3c020bcdcd13648380e182f
anticipation.success,2,01_RUNTIME_READY/audio/anticipation/bsb_sfx_anticipation_success_v02.ogg,02_SOURCE_LIBRARY_CC0/OpenGameArt/UI_Feedback_CC0/ui_ogg/chimes.ogg,anticipation success,vorbis,44100,2,2005,bb9c1826553beb87e47a534f9608a7dcd236614bb6194f4323d4661df81e895e
anticipation.fail,1,01_RUNTIME_READY/audio/anticipation/bsb_sfx_anticipation_fail_v01.ogg,02_SOURCE_LIBRARY_CC0/OpenGameArt/UI_Feedback_CC0/ui_ogg/negative_sound.ogg,anticipation fail,vorbis,44100,2,1063,c10a93a33e795d7e078e7dfe1baeb0fbe75e19fc65cb2e016a8ebe0b41be3745
anticipation.fail,2,01_RUNTIME_READY/audio/anticipation/bsb_sfx_anticipation_fail_v02.ogg,02_SOURCE_LIBRARY_CC0/OpenGameArt/UI_Feedback_CC0/ui_ogg/negative_sound2.ogg,anticipation fail,vorbis,44100,2,786,a068c1a2a375149da67bb8e547079987800b1ce21debb7f51ca556eeeaabd56a
freespins.scatter.count,1,01_RUNTIME_READY/audio/freespins/bsb_sfx_freespins_scatter_count_v01.wav,02_SOURCE_LIBRARY_CC0/OpenGameArt/31_Metal_Pings_Scrapes_CC0/pings and scrapes/pings and scrapes - Marker #14.wav,freespins scatter count,pcm_s16le,44100,2,3914,f2773cf65f97d792edbf3d4f87d8fd541d04bad6c64d9efe13cc4460ab54f2f0
freespins.scatter.count,2,01_RUNTIME_READY/audio/freespins/bsb_sfx_freespins_scatter_count_v02.wav,02_SOURCE_LIBRARY_CC0/OpenGameArt/31_Metal_Pings_Scrapes_CC0/pings and scrapes/pings and scrapes - Marker #15.wav,freespins scatter count,pcm_s16le,44100,2,1677,4943408129f1ec7d2138b04d699da874db34e02de3d46baa7beaf1acd182449d
freespins.scatter.count,3,01_RUNTIME_READY/audio/freespins/bsb_sfx_freespins_scatter_count_v03.wav,02_SOURCE_LIBRARY_CC0/OpenGameArt/31_Metal_Pings_Scrapes_CC0/pings and scrapes/pings and scrapes - Marker #16.wav,freespins scatter count,pcm_s16le,44100,2,4071,fc9d25c74af94631f19fc062ef15980fdff2032195371e040ee1015ccfe7c26c
freespins.trigger,1,01_RUNTIME_READY/audio/freespins/bsb_sfx_freespins_trigger_v01.wav,02_SOURCE_LIBRARY_CC0/OpenGameArt/IgnisForge_43_CC0_SFX/jackpot_04.wav,freespins trigger,pcm_s16le,44100,1,1616,1988035a7e84f8568c02d8210788ec72ffadc117eaa6f85d8a89f4096ee00ab9
freespins.trigger,2,01_RUNTIME_READY/audio/freespins/bsb_sfx_freespins_trigger_v02.ogg,02_SOURCE_LIBRARY_CC0/Kenney/digital-audio/Audio/powerUp12.ogg,freespins trigger,vorbis,44100,1,862,a9387a2cb0b13b8c794579e61ae1fb7e666e22d46a36aec6c77471635096f2fc
freespins.title.reveal,1,01_RUNTIME_READY/audio/freespins/bsb_sfx_freespins_title_reveal_v01.ogg,02_SOURCE_LIBRARY_CC0/Kenney/music-jingles/Audio/Steel jingles/jingles_STEEL11.ogg,freespins title reveal,vorbis,44100,2,825,86e97f88473e77119c24cc2fbcc711b3343a0b665d4297ea684f59ea17fc998e
freespins.title.reveal,2,01_RUNTIME_READY/audio/freespins/bsb_sfx_freespins_title_reveal_v02.ogg,02_SOURCE_LIBRARY_CC0/Kenney/digital-audio/Audio/phaseJump5.ogg,freespins title reveal,vorbis,44100,2,418,322d62ab7da973880d86c5ad217a2da85916ed95aa6c8d29991de392fd0f7522
freespins.award.count,1,01_RUNTIME_READY/audio/freespins/bsb_sfx_freespins_award_count_v01.wav,02_SOURCE_LIBRARY_CC0/OpenGameArt/IgnisForge_43_CC0_SFX/coin_10.wav,freespins award count,pcm_s16le,44100,1,205,d67ba7181e88d49e814320a2d3a6052295fb97668944a1cc50fa1241894201d3
freespins.award.count,2,01_RUNTIME_READY/audio/freespins/bsb_sfx_freespins_award_count_v02.wav,02_SOURCE_LIBRARY_CC0/OpenGameArt/IgnisForge_43_CC0_SFX/coin_15.wav,freespins award count,pcm_s16le,44100,1,142,1f9f8104810014ea6bd692f7f912d4d6bbdd4fe71c479cd602d85a02c58211ad
freespins.counter.add,1,01_RUNTIME_READY/audio/freespins/bsb_sfx_freespins_counter_add_v01.ogg,02_SOURCE_LIBRARY_CC0/Kenney/digital-audio/Audio/pepSound3.ogg,freespins counter add,vorbis,44100,1,444,5e9f2b4a0b14e65a157d0bbcb28cf816926583afa96e753489c722ec3d810a78
freespins.counter.add,2,01_RUNTIME_READY/audio/freespins/bsb_sfx_freespins_counter_add_v02.ogg,02_SOURCE_LIBRARY_CC0/Kenney/digital-audio/Audio/pepSound4.ogg,freespins counter add,vorbis,44100,1,627,8afd1776651eb3155e1b588f26d6c9b5cc183e9c53297685763f51ac63e63673
freespins.counter.warning,1,01_RUNTIME_READY/audio/freespins/bsb_sfx_freespins_counter_warning_v01.ogg,02_SOURCE_LIBRARY_CC0/OpenGameArt/UI_Feedback_CC0/ui_ogg/alarm2.ogg,freespins counter warning,vorbis,44100,2,1767,7c2f7fcee34574818d97426cf669621a41ad399dbc12213fdf8458f8b9138464
freespins.counter.warning,2,01_RUNTIME_READY/audio/freespins/bsb_sfx_freespins_counter_warning_v02.ogg,02_SOURCE_LIBRARY_CC0/Kenney/interface-sounds/Audio/question_002.ogg,freespins counter warning,vorbis,44100,1,333,46056f10c70dda860e93bd27b66f4d33c0b7154eff28def06471b50028efa5b3
freespins.spin.start,1,01_RUNTIME_READY/audio/freespins/bsb_sfx_freespins_spin_start_v01.wav,02_SOURCE_LIBRARY_CC0/OpenGameArt/13_Swishes_CC0/swishes/swish-7.wav,freespins spin start,pcm_s24le,44100,2,187,e6de737a34de16afed094d6170d7679149022f149e0a8356d2f029b0e8f4a4d7
freespins.spin.start,2,01_RUNTIME_READY/audio/freespins/bsb_sfx_freespins_spin_start_v02.ogg,02_SOURCE_LIBRARY_CC0/Kenney/digital-audio/Audio/phaseJump1.ogg,freespins spin start,vorbis,44100,2,470,c60069ed7108678dd6a1306404d168a93cc2575cda37b06add9dd6c4d46352a3
freespins.retrigger,1,01_RUNTIME_READY/audio/freespins/bsb_sfx_freespins_retrigger_v01.wav,02_SOURCE_LIBRARY_CC0/OpenGameArt/IgnisForge_43_CC0_SFX/jackpot_01.wav,freespins retrigger,pcm_s16le,44100,1,1811,dc3b1a09efe3101d2a3c2685d6bddddc9c03b67b1ec11ef6e217b3e7891f8a3a
freespins.retrigger,2,01_RUNTIME_READY/audio/freespins/bsb_sfx_freespins_retrigger_v02.ogg,02_SOURCE_LIBRARY_CC0/Kenney/music-jingles/Audio/Steel jingles/jingles_STEEL13.ogg,freespins retrigger,vorbis,44100,2,1052,1eddde22f0894c2267d558198d7fbfb289423929d0a060a3c4f5e1b6ab83be49
freespins.last.spin,1,01_RUNTIME_READY/audio/freespins/bsb_sfx_freespins_last_spin_v01.ogg,02_SOURCE_LIBRARY_CC0/OpenGameArt/UI_Feedback_CC0/ui_ogg/alarm.ogg,freespins last spin,vorbis,44100,2,429,2c570ccd930b9fb4564283624dc05b4eafa9352687b7c3af8375215fde03518b
freespins.last.spin,2,01_RUNTIME_READY/audio/freespins/bsb_sfx_freespins_last_spin_v02.ogg,02_SOURCE_LIBRARY_CC0/Kenney/music-jingles/Audio/Hit jingles/jingles_HIT08.ogg,freespins last spin,vorbis,44100,2,284,e82b1d3cf1020b99347acdcf76090150397d06ac90403a2718e7a738bf75f01d
freespins.complete,1,01_RUNTIME_READY/audio/freespins/bsb_sfx_freespins_complete_v01.ogg,02_SOURCE_LIBRARY_CC0/Kenney/music-jingles/Audio/Steel jingles/jingles_STEEL08.ogg,freespins complete,vorbis,44100,2,801,8b0df04c5e9e1adfd1d7a99c111894956e18374db03c681e14f2fd2c7d387626
freespins.complete,2,01_RUNTIME_READY/audio/freespins/bsb_sfx_freespins_complete_v02.ogg,02_SOURCE_LIBRARY_CC0/Kenney/interface-sounds/Audio/confirmation_003.ogg,freespins complete,vorbis,44100,1,322,3091bf0be0497f825769ee0733ca7bdc3bcd59bd6c6e8f2ba8f93d580ff38022
freespins.results.tally,1,01_RUNTIME_READY/audio/freespins/bsb_sfx_freespins_results_tally_v01.wav,02_SOURCE_LIBRARY_CC0/OpenGameArt/IgnisForge_43_CC0_SFX/coin_20.wav,freespins results tally,pcm_s16le,44100,1,185,c573b88105966f858a4aa32d818d1a0c72cfbd0112b20344c302802033063aec
freespins.results.tally,2,01_RUNTIME_READY/audio/freespins/bsb_sfx_freespins_results_tally_v02.wav,02_SOURCE_LIBRARY_CC0/OpenGameArt/31_Metal_Pings_Scrapes_CC0/pings and scrapes/pings and scrapes - Marker #17.wav,freespins results tally,pcm_s16le,44100,2,4748,6b97654c6b2645ab26975b723b4d5764a7a1ace9ce2a8fdce1ef89dec50e176b
bonusbuy.open,1,01_RUNTIME_READY/audio/bonusbuy/bsb_sfx_bonusbuy_open_v01.ogg,02_SOURCE_LIBRARY_CC0/Kenney/interface-sounds/Audio/open_003.ogg,bonusbuy open,vorbis,44100,1,314,bcdca6b5c9c33aa15ca3fb18a1fa8d98a01b528b85be08c5a610e57c75fc022d
bonusbuy.open,2,01_RUNTIME_READY/audio/bonusbuy/bsb_sfx_bonusbuy_open_v02.ogg,02_SOURCE_LIBRARY_CC0/Kenney/digital-audio/Audio/phaseJump3.ogg,bonusbuy open,vorbis,44100,2,444,69e25a1b7b0781f57af84eb4424973ec406d34bc48eed8b6964787b2d74093a9
bonusbuy.option.select,1,01_RUNTIME_READY/audio/bonusbuy/bsb_sfx_bonusbuy_option_select_v01.ogg,02_SOURCE_LIBRARY_CC0/Kenney/ui-audio/Audio/switch20.ogg,bonusbuy option select,vorbis,44100,2,359,276b402ee4840f88a8df4eca6ece029b61c5840fa9149b0c5008fe4bda89cc21
bonusbuy.option.select,2,01_RUNTIME_READY/audio/bonusbuy/bsb_sfx_bonusbuy_option_select_v02.ogg,02_SOURCE_LIBRARY_CC0/Kenney/interface-sounds/Audio/confirmation_002.ogg,bonusbuy option select,vorbis,44100,1,539,33b17a9a9a2397c62b285c52c33a907fdffb476909c99e42dde603f6a7a8b12c
bonusbuy.confirm,1,01_RUNTIME_READY/audio/bonusbuy/bsb_sfx_bonusbuy_confirm_v01.flac,02_SOURCE_LIBRARY_CC0/OpenGameArt/7_Mechanical_Clicks_CC0/mechanical/mechanical_button-01.flac,bonusbuy confirm mechanical,flac,44100,2,391,c763eb6d5177c37c422965b47ece95cb824e795d0df3b3f83ae9ef53db161a3e
bonusbuy.confirm,2,01_RUNTIME_READY/audio/bonusbuy/bsb_sfx_bonusbuy_confirm_v02.ogg,02_SOURCE_LIBRARY_CC0/Kenney/ui-audio/Audio/click5.ogg,bonusbuy confirm mechanical,vorbis,44100,2,32,52d41e0bb012731bf2a391d53ffb52265ef21589c7701e66b391d5e36a65b293
bonusbuy.success,1,01_RUNTIME_READY/audio/bonusbuy/bsb_sfx_bonusbuy_success_v01.wav,02_SOURCE_LIBRARY_CC0/OpenGameArt/IgnisForge_43_CC0_SFX/powerup_10.wav,bonusbuy success,pcm_s16le,44100,1,360,a32a14563d10ceb19dcd608ecfb6db12f1e39c9552190e08edef3265af1972b8
bonusbuy.success,2,01_RUNTIME_READY/audio/bonusbuy/bsb_sfx_bonusbuy_success_v02.ogg,02_SOURCE_LIBRARY_CC0/Kenney/interface-sounds/Audio/confirmation_004.ogg,bonusbuy success,vorbis,44100,1,490,568967a3d9f8a8f6af54ea01729c4882284308f2a27d78c07ffd7ee0d6951661
bonusbuy.cancel,1,01_RUNTIME_READY/audio/bonusbuy/bsb_sfx_bonusbuy_cancel_v01.ogg,02_SOURCE_LIBRARY_CC0/Kenney/interface-sounds/Audio/back_003.ogg,bonusbuy cancel,vorbis,44100,1,93,ff5e87de1230b1a5f1fa83e5a4ba9d7eb1c07154267ac34b510a17d4caa03cef
bonusbuy.cancel,2,01_RUNTIME_READY/audio/bonusbuy/bsb_sfx_bonusbuy_cancel_v02.ogg,02_SOURCE_LIBRARY_CC0/Kenney/digital-audio/Audio/phaserDown3.ogg,bonusbuy cancel,vorbis,44100,2,496,19fd2f5bb8448e022381f1a72c36117d4adcb521ebeb697e888bfaf7945cfa56
cinematic.target.acquire,1,01_RUNTIME_READY/audio/cinematic/bsb_cin_cinematic_target_acquire_v01.ogg,02_SOURCE_LIBRARY_CC0/OpenGameArt/50_CC0_SciFi_SFX/terminal_01.ogg,cinematic target acquire,vorbis,48000,2,397,cde6464d6dc78ea0a96cd06e2d2777e98f202b30a82c3f5295dfee11a284446e
cinematic.target.acquire,2,01_RUNTIME_READY/audio/cinematic/bsb_cin_cinematic_target_acquire_v02.ogg,02_SOURCE_LIBRARY_CC0/OpenGameArt/50_CC0_SciFi_SFX/terminal_02.ogg,cinematic target acquire,vorbis,48000,2,331,a670c982772dc3bbd8b0c3c1a876713fb488e412b556e571852c3f741e37bc92
cinematic.security.scan,1,01_RUNTIME_READY/audio/cinematic/bsb_cin_cinematic_security_scan_v01.ogg,02_SOURCE_LIBRARY_CC0/Kenney/sci-fi-sounds/Audio/computerNoise_000.ogg,cinematic security scan,vorbis,44100,1,5000,1527944e16eb14b48ee03fe3e7ce6aae94262833a4e1f83928d451a7414fe4e1
cinematic.security.scan,2,01_RUNTIME_READY/audio/cinematic/bsb_cin_cinematic_security_scan_v02.ogg,02_SOURCE_LIBRARY_CC0/Kenney/sci-fi-sounds/Audio/computerNoise_001.ogg,cinematic security scan,vorbis,44100,1,5000,29b4842f6d8c0ba2b0cb00bfaff3b852b492bb43197a82e697917aacbe106757
cinematic.keypad.press,1,01_RUNTIME_READY/audio/cinematic/bsb_cin_cinematic_keypad_press_v01.ogg,02_SOURCE_LIBRARY_CC0/OpenGameArt/50_CC0_SciFi_SFX/terminal_03.ogg,cinematic keypad press,vorbis,44100,2,358,1cea881d608ba4068ec85bd492be54bab1d181070449a75f21a58b43eb01fb38
cinematic.keypad.press,2,01_RUNTIME_READY/audio/cinematic/bsb_cin_cinematic_keypad_press_v02.ogg,02_SOURCE_LIBRARY_CC0/OpenGameArt/50_CC0_SciFi_SFX/terminal_04.ogg,cinematic keypad press,vorbis,44100,2,253,194e720a4e7004c5acbd0915b00ff9b1965e215eef40984a6fbb1d7d3735131e
cinematic.keypad.press,3,01_RUNTIME_READY/audio/cinematic/bsb_cin_cinematic_keypad_press_v03.ogg,02_SOURCE_LIBRARY_CC0/OpenGameArt/50_CC0_SciFi_SFX/terminal_05.ogg,cinematic keypad press,vorbis,44100,2,379,624ff1f7d3a0bac1338ce13249506decf9e6c35aa0a3d73ca01d5494fd0823a5
cinematic.keypad.success,1,01_RUNTIME_READY/audio/cinematic/bsb_cin_cinematic_keypad_success_v01.ogg,02_SOURCE_LIBRARY_CC0/OpenGameArt/50_CC0_SciFi_SFX/terminal_08.ogg,cinematic keypad success,vorbis,44100,2,284,536a347174f538fc6d79013c0905963aca0fdb1f35d6609a7e2a432b4b9a57f5
cinematic.keypad.success,2,01_RUNTIME_READY/audio/cinematic/bsb_cin_cinematic_keypad_success_v02.ogg,02_SOURCE_LIBRARY_CC0/Kenney/interface-sounds/Audio/confirmation_001.ogg,cinematic keypad success,vorbis,44100,1,290,063564703b6094d70718a3e787a55cc9141611e4ecd6b6637f8828f79b4a8c3a
cinematic.keypad.failure,1,01_RUNTIME_READY/audio/cinematic/bsb_cin_cinematic_keypad_failure_v01.ogg,02_SOURCE_LIBRARY_CC0/OpenGameArt/50_CC0_SciFi_SFX/terminal_09.ogg,cinematic keypad failure,vorbis,44100,2,290,b5080d8ce8399d83391a9129e4e593e38abcdd7522008f776c4a94bd39006270
cinematic.keypad.failure,2,01_RUNTIME_READY/audio/cinematic/bsb_cin_cinematic_keypad_failure_v02.ogg,02_SOURCE_LIBRARY_CC0/Kenney/interface-sounds/Audio/error_004.ogg,cinematic keypad failure,vorbis,44100,2,103,0b574cea597d96507e782ae9764f88482ce49f46e931e57054bf7150047f2d69
cinematic.hack.start,1,01_RUNTIME_READY/audio/cinematic/bsb_cin_cinematic_hack_start_v01.ogg,02_SOURCE_LIBRARY_CC0/Kenney/digital-audio/Audio/phaseJump4.ogg,cinematic hack start,vorbis,44100,2,470,90e1c90b9da3d0be66b54f4daa926f0fde79eba867dec7e9d1eef10524756e19
cinematic.hack.start,2,01_RUNTIME_READY/audio/cinematic/bsb_cin_cinematic_hack_start_v02.ogg,02_SOURCE_LIBRARY_CC0/OpenGameArt/50_CC0_SciFi_SFX/teleport_01.ogg,cinematic hack start,vorbis,48000,2,447,88d1d00c7d9180c6afd273cf19ee047ad072c112a5e4df17e2b55c0e5c767706
cinematic.hack.loop,1,01_RUNTIME_READY/audio/cinematic/bsb_cin_cinematic_hack_loop_v01.ogg,02_SOURCE_LIBRARY_CC0/OpenGameArt/50_CC0_SciFi_SFX/loop_machine_02.ogg,cinematic hack loop,vorbis,44100,2,3201,22807185e74eaf3c443b8ea57b9b26ae3f58d685958d2c5c384f44648da7a989
cinematic.hack.complete,1,01_RUNTIME_READY/audio/cinematic/bsb_cin_cinematic_hack_complete_v01.ogg,02_SOURCE_LIBRARY_CC0/Kenney/digital-audio/Audio/zapThreeToneUp.ogg,cinematic hack complete,vorbis,44100,1,1202,52da0ff5e219179df4521b38276abde0ed6ba27e0cf030b0d1209b8857406eff
cinematic.hack.complete,2,01_RUNTIME_READY/audio/cinematic/bsb_cin_cinematic_hack_complete_v02.ogg,02_SOURCE_LIBRARY_CC0/OpenGameArt/UI_Feedback_CC0/ui_ogg/Ding.ogg,cinematic hack complete,vorbis,44100,2,999,bc69b15effae9314e8afb86229bb83acdab6afd79d552b786f53a4812d902980
cinematic.charge.place,1,01_RUNTIME_READY/audio/cinematic/bsb_cin_cinematic_charge_place_v01.ogg,02_SOURCE_LIBRARY_CC0/Kenney/impact-sounds/Audio/impactSoft_heavy_000.ogg,cinematic charge place,vorbis,44100,2,505,49e7ca88743fca974bb8676ea138b751cfd8f9033b5e7af8736c2a215d6edbc1
cinematic.charge.place,2,01_RUNTIME_READY/audio/cinematic/bsb_cin_cinematic_charge_place_v02.ogg,02_SOURCE_LIBRARY_CC0/Kenney/impact-sounds/Audio/impactSoft_heavy_001.ogg,cinematic charge place,vorbis,44100,2,572,4d0096364ba9e46119d2ff6df493fdc101bd2e1efae061da5e5f77a53b3fdcb6
cinematic.charge.arm,1,01_RUNTIME_READY/audio/cinematic/bsb_cin_cinematic_charge_arm_v01.ogg,02_SOURCE_LIBRARY_CC0/Kenney/digital-audio/Audio/threeTone1.ogg,cinematic charge arm,vorbis,44100,1,827,bdf21eb12e65507f091d074886fdac820e1ccae51d060caa168e5567acadb84b
cinematic.charge.arm,2,01_RUNTIME_READY/audio/cinematic/bsb_cin_cinematic_charge_arm_v02.ogg,02_SOURCE_LIBRARY_CC0/OpenGameArt/UI_Feedback_CC0/ui_ogg/alarm.ogg,cinematic charge arm,vorbis,44100,2,429,2c570ccd930b9fb4564283624dc05b4eafa9352687b7c3af8375215fde03518b
cinematic.drill.spool,1,01_RUNTIME_READY/audio/cinematic/bsb_cin_cinematic_drill_spool_v01.wav,02_SOURCE_LIBRARY_CC0/OpenGameArt/68_Workshop_Sounds_CC0/workshop/workshop - drill short 1.wav,cinematic drill spool,pcm_f32le,44100,2,1896,9bc77a749262e1317c42b64c4cf4bc83d4f1416efb9cb032577d75fb07d1b327
cinematic.drill.spool,2,01_RUNTIME_READY/audio/cinematic/bsb_cin_cinematic_drill_spool_v02.wav,02_SOURCE_LIBRARY_CC0/OpenGameArt/68_Workshop_Sounds_CC0/workshop/workshop - drill1.wav,cinematic drill spool,pcm_f32le,44100,2,2863,3d223010fa4bf6de0fffb1024da7e4e138fca89a08a61bbc1659d70d6eaf96c0
cinematic.drill.loop,1,01_RUNTIME_READY/audio/cinematic/bsb_cin_cinematic_drill_loop_v01.wav,02_SOURCE_LIBRARY_CC0/OpenGameArt/68_Workshop_Sounds_CC0/workshop/workshop - drill long.wav,cinematic drill loop,pcm_f32le,44100,2,5306,47fb1c103f25d5e110aa1d73a02b83e2006ec9d5313e198952dc8b23025e0117
cinematic.drill.stop,1,01_RUNTIME_READY/audio/cinematic/bsb_cin_cinematic_drill_stop_v01.wav,02_SOURCE_LIBRARY_CC0/OpenGameArt/68_Workshop_Sounds_CC0/workshop/workshop - drill short 2.wav,cinematic drill stop,pcm_f32le,44100,2,1157,cfa525eb78f45669069e2210f3ba168451df2ee6005b4a6debddaa7986c7ada8
cinematic.drill.stop,2,01_RUNTIME_READY/audio/cinematic/bsb_cin_cinematic_drill_stop_v02.flac,02_SOURCE_LIBRARY_CC0/OpenGameArt/7_Mechanical_Clicks_CC0/mechanical/mechanical_clicks-05.flac,cinematic drill stop,flac,96000,2,479,59cc4dd84b29ebc147719677bde1256f97222c7e91a398c3b87a401a56c195b6
cinematic.vault.wheel.rotate,1,01_RUNTIME_READY/audio/cinematic/bsb_cin_cinematic_vault_wheel_rotate_v01.wav,02_SOURCE_LIBRARY_CC0/OpenGameArt/68_Workshop_Sounds_CC0/workshop/workshop - machine.wav,cinematic vault wheel rotate,pcm_f32le,44100,2,13910,0c9bcb4ea4146c820eb7207707733d0a8b6c90231140169bafe38f6952c2da5d
cinematic.vault.wheel.rotate,2,01_RUNTIME_READY/audio/cinematic/bsb_cin_cinematic_vault_wheel_rotate_v02.ogg,02_SOURCE_LIBRARY_CC0/OpenGameArt/30_CC0_SFX_Loops/rolling.ogg,cinematic vault wheel rotate,vorbis,48000,2,1056,24b5fd290b2008de9b087687ae41db833068a86ef7c0f1b230ce8bf0859b7291
cinematic.vault.wheel.ratchet,1,01_RUNTIME_READY/audio/cinematic/bsb_cin_cinematic_vault_wheel_ratchet_v01.flac,02_SOURCE_LIBRARY_CC0/OpenGameArt/7_Mechanical_Clicks_CC0/mechanical/mechanical_clicks-03.flac,cinematic vault ratchet,flac,96000,2,1198,d6471866061294b3873de2776096f3231b476807606fafb52850efdb560dce1f
cinematic.vault.wheel.ratchet,2,01_RUNTIME_READY/audio/cinematic/bsb_cin_cinematic_vault_wheel_ratchet_v02.flac,02_SOURCE_LIBRARY_CC0/OpenGameArt/7_Mechanical_Clicks_CC0/mechanical/mechanical_clicks-04.flac,cinematic vault ratchet,flac,96000,2,542,efbe681aa625950174b6642c387c5716ced6d34de38d3212beaad3e5f51c29e7
cinematic.vault.latch,1,01_RUNTIME_READY/audio/cinematic/bsb_cin_cinematic_vault_latch_v01.ogg,02_SOURCE_LIBRARY_CC0/Kenney/rpg-audio/Audio/metalLatch.ogg,cinematic vault latch,vorbis,48000,2,261,ba9ba60b172b3ebc131a940f25793cd2e207aca7af73dc80d637277f060f1708
cinematic.vault.latch,2,01_RUNTIME_READY/audio/cinematic/bsb_cin_cinematic_vault_latch_v02.ogg,02_SOURCE_LIBRARY_CC0/OpenGameArt/100_CC0_Wood_Metal_SFX/lock_open_01.ogg,cinematic vault latch,vorbis,48000,2,737,f37728690c9559d32527b55e25102a1acb7beafdfab7ad12e099285d13d29e01
cinematic.vault.bolt.retract,1,01_RUNTIME_READY/audio/cinematic/bsb_cin_cinematic_vault_bolt_retract_v01.ogg,02_SOURCE_LIBRARY_CC0/OpenGameArt/100_CC0_Wood_Metal_SFX/metal_open_01.ogg,cinematic vault bolt retract,vorbis,48000,2,1150,b68844e779fd0d4234bd2511d91db1c72cbf10fa9bc0bbd49f3be6bdb311eb6d
cinematic.vault.bolt.retract,2,01_RUNTIME_READY/audio/cinematic/bsb_cin_cinematic_vault_bolt_retract_v02.ogg,02_SOURCE_LIBRARY_CC0/Kenney/sci-fi-sounds/Audio/doorOpen_001.ogg,cinematic vault bolt retract,vorbis,44100,1,529,8c204ca94eb722d3af95f29221f4551938ca3c217fda32c14dabe2cf6a9c782b
cinematic.vault.pressure.hiss,1,01_RUNTIME_READY/audio/cinematic/bsb_cin_cinematic_vault_pressure_hiss_v01.ogg,02_SOURCE_LIBRARY_CC0/Kenney/sci-fi-sounds/Audio/forceField_001.ogg,cinematic vault pressure hiss,vorbis,44100,1,953,5574e69dd04e5f59322c5ddffde5978f077b09170ae5e29cec0bd9901828cd90
cinematic.vault.pressure.hiss,2,01_RUNTIME_READY/audio/cinematic/bsb_cin_cinematic_vault_pressure_hiss_v02.ogg,02_SOURCE_LIBRARY_CC0/Kenney/sci-fi-sounds/Audio/forceField_002.ogg,cinematic vault pressure hiss,vorbis,44100,1,955,051b0eafc479695af4ca3607d41fd4be41bae7c21f4f9508d004722b09f1bd63
cinematic.vault.door.creak,1,01_RUNTIME_READY/audio/cinematic/bsb_cin_cinematic_vault_door_creak_v01.ogg,02_SOURCE_LIBRARY_CC0/Kenney/rpg-audio/Audio/creak1.ogg,cinematic vault door creak,vorbis,48000,2,661,8a346186fd297254248cab8e8117060a52a5cf2a84f603153a762108550ea95e
cinematic.vault.door.creak,2,01_RUNTIME_READY/audio/cinematic/bsb_cin_cinematic_vault_door_creak_v02.ogg,02_SOURCE_LIBRARY_CC0/Kenney/rpg-audio/Audio/creak2.ogg,cinematic vault door creak,vorbis,48000,2,830,8a990afdc03aebb91d528f5385e2f95582dbfa8e2c12c71098ab01be9142294a
cinematic.vault.door.open,1,01_RUNTIME_READY/audio/cinematic/bsb_cin_cinematic_vault_door_open_v01.ogg,02_SOURCE_LIBRARY_CC0/Kenney/sci-fi-sounds/Audio/doorOpen_000.ogg,cinematic vault door open,vorbis,44100,1,532,5b7e07eccd4413ad9ef3720c2d14f9cc699f4c50111e9b2f48bd60e6f1a164c3
cinematic.vault.door.open,2,01_RUNTIME_READY/audio/cinematic/bsb_cin_cinematic_vault_door_open_v02.ogg,02_SOURCE_LIBRARY_CC0/OpenGameArt/100_CC0_Wood_Metal_SFX/metal_open_01.ogg,cinematic vault door open,vorbis,48000,2,1150,b68844e779fd0d4234bd2511d91db1c72cbf10fa9bc0bbd49f3be6bdb311eb6d
cinematic.vault.door.impact,1,01_RUNTIME_READY/audio/cinematic/bsb_cin_cinematic_vault_door_impact_v01.ogg,02_SOURCE_LIBRARY_CC0/OpenGameArt/100_CC0_Wood_Metal_SFX/metal_slam_01.ogg,cinematic vault door impact,vorbis,48000,2,573,a335ccf202578bd740f930f0648a4dcbbbce3ebb2519335be023532578f56176
cinematic.vault.door.impact,2,01_RUNTIME_READY/audio/cinematic/bsb_cin_cinematic_vault_door_impact_v02.ogg,02_SOURCE_LIBRARY_CC0/Kenney/impact-sounds/Audio/impactMetal_heavy_004.ogg,cinematic vault door impact,vorbis,44100,2,134,6d65b463c0555dd5be16b8db6d2cbe23a94e07a4637779b8ad17d0db3e500a87
cinematic.vault.gold.reveal,1,01_RUNTIME_READY/audio/cinematic/bsb_cin_cinematic_vault_gold_reveal_v01.ogg,02_SOURCE_LIBRARY_CC0/Kenney/music-jingles/Audio/Steel jingles/jingles_STEEL15.ogg,cinematic vault gold reveal,vorbis,44100,2,945,764db253add93d5824a9329faceeb4247e10cf49a4e4e1653a46fa366d5b2138
cinematic.vault.gold.reveal,2,01_RUNTIME_READY/audio/cinematic/bsb_cin_cinematic_vault_gold_reveal_v02.ogg,02_SOURCE_LIBRARY_CC0/Kenney/impact-sounds/Audio/impactGlass_heavy_004.ogg,cinematic vault gold reveal,vorbis,44100,2,399,c7742b0e33c1733ddaf902aa68464a4f5364e4d4cb6ff11b76a7aa4151a138dd
cinematic.vault.door.close,1,01_RUNTIME_READY/audio/cinematic/bsb_cin_cinematic_vault_door_close_v01.ogg,02_SOURCE_LIBRARY_CC0/Kenney/sci-fi-sounds/Audio/doorClose_000.ogg,cinematic vault door close,vorbis,44100,1,532,c9134651ebbd7c016f90393aee495ff8120bd343bb7569b689a7506987ebd6c2
cinematic.vault.door.close,2,01_RUNTIME_READY/audio/cinematic/bsb_cin_cinematic_vault_door_close_v02.ogg,02_SOURCE_LIBRARY_CC0/OpenGameArt/100_CC0_Wood_Metal_SFX/metal_close_01.ogg,cinematic vault door close,vorbis,48000,2,869,f504b912782760ff3ec25814db6c27bd2d884a94cda2a94d0ffbec921ab478b6
cinematic.alarm,1,01_RUNTIME_READY/audio/cinematic/bsb_cin_cinematic_alarm_v01.ogg,02_SOURCE_LIBRARY_CC0/OpenGameArt/30_CC0_SFX_Loops/alarm_02.ogg,cinematic alarm,vorbis,48000,2,683,26f1a445657e35c2639a0fecb2535c19a890cf3d70f65606d5729429efa95c1f
cinematic.alarm,2,01_RUNTIME_READY/audio/cinematic/bsb_cin_cinematic_alarm_v02.ogg,02_SOURCE_LIBRARY_CC0/OpenGameArt/UI_Feedback_CC0/ui_ogg/alarm2.ogg,cinematic alarm,vorbis,44100,2,1767,7c2f7fcee34574818d97426cf669621a41ad399dbc12213fdf8458f8b9138464
cinematic.blackout,1,01_RUNTIME_READY/audio/cinematic/bsb_cin_cinematic_blackout_v01.ogg,02_SOURCE_LIBRARY_CC0/Kenney/digital-audio/Audio/lowDown.ogg,cinematic blackout,vorbis,44100,1,784,e0215fcfd8b9d7877f74d5c46b239a13d7db0d25998da97b80404931ef9eef5d
cinematic.blackout,2,01_RUNTIME_READY/audio/cinematic/bsb_cin_cinematic_blackout_v02.ogg,02_SOURCE_LIBRARY_CC0/Kenney/sci-fi-sounds/Audio/computerNoise_003.ogg,cinematic blackout,vorbis,44100,1,5000,5b1b73bbe6e6ad1b1d39422f640f1bbee3376e8e18916f9305b04b9d143f5cf3
cinematic.power.restore,1,01_RUNTIME_READY/audio/cinematic/bsb_cin_cinematic_power_restore_v01.ogg,02_SOURCE_LIBRARY_CC0/Kenney/digital-audio/Audio/powerUp11.ogg,cinematic power restore,vorbis,44100,1,679,d673bfcd3aee32202908708fdadb3ad3033f65162c6dbae4615e181e19eee0d3
cinematic.power.restore,2,01_RUNTIME_READY/audio/cinematic/bsb_cin_cinematic_power_restore_v02.ogg,02_SOURCE_LIBRARY_CC0/Kenney/sci-fi-sounds/Audio/computerNoise_002.ogg,cinematic power restore,vorbis,44100,1,5000,6ae9bb261c6536d1699972da0cdbf6e0762cf7e9b925adb64a06ff375255cb71
penguin.idle.chirp,1,01_RUNTIME_READY/audio/penguin/bsb_chr_penguin_idle_chirp_v01.ogg,02_SOURCE_LIBRARY_CC0/OpenGameArt/Penguin_Sounds_CC0/ogg/penguin_01.ogg,penguin real call idle,vorbis,44100,1,464,d983bc83f13d544df19eebd2d0f43b9ef8865bcf736e1263f020291f6f175767
penguin.idle.chirp,2,01_RUNTIME_READY/audio/penguin/bsb_chr_penguin_idle_chirp_v02.ogg,02_SOURCE_LIBRARY_CC0/OpenGameArt/Penguin_Sounds_CC0/ogg/penguin_02.ogg,penguin real call idle,vorbis,44100,1,474,e290483aff9c94277fd7aaea7b4267d5ccd36728226b59e2f5b619896ff2450c
penguin.idle.breath,1,01_RUNTIME_READY/audio/penguin/bsb_chr_penguin_idle_breath_v01.ogg,02_SOURCE_LIBRARY_CC0/OpenGameArt/80_CC0_Creature_SFX/breath.ogg,penguin breath,vorbis,48000,2,670,d6ecfd092c261059701fe81581957ce6e67c1737978449bbd98ec6d4f30abb7f
penguin.idle.breath,2,01_RUNTIME_READY/audio/penguin/bsb_chr_penguin_idle_breath_v02.ogg,02_SOURCE_LIBRARY_CC0/OpenGameArt/80_CC0_Creature_SFX_2/breath_02.ogg,penguin breath,vorbis,48000,2,356,5b32729394cc36667bb8052508115941f21d85804f84ecda4c492d19883cd15e
penguin.idle.cloth,1,01_RUNTIME_READY/audio/penguin/bsb_chr_penguin_idle_cloth_v01.ogg,02_SOURCE_LIBRARY_CC0/Kenney/rpg-audio/Audio/cloth1.ogg,penguin cloth foley,vorbis,48000,2,661,ddb93a3671233f95da0e0b10367f082f7eb42fa6caaddcf776410aa8833c747d
penguin.idle.cloth,2,01_RUNTIME_READY/audio/penguin/bsb_chr_penguin_idle_cloth_v02.ogg,02_SOURCE_LIBRARY_CC0/Kenney/rpg-audio/Audio/cloth2.ogg,penguin cloth foley,vorbis,48000,2,415,8a7451193c38bc05483aec25dd193e163a15d44cf7fff04ac7912573231b0201
penguin.idle.cloth,3,01_RUNTIME_READY/audio/penguin/bsb_chr_penguin_idle_cloth_v03.ogg,02_SOURCE_LIBRARY_CC0/Kenney/rpg-audio/Audio/cloth3.ogg,penguin cloth foley,vorbis,48000,2,477,a48632d17a4f1416541d261a32a31612e01267144c407fa3ecab3ff410f0085b
penguin.idle.flipper,1,01_RUNTIME_READY/audio/penguin/bsb_chr_penguin_idle_flipper_v01.ogg,02_SOURCE_LIBRARY_CC0/Kenney/rpg-audio/Audio/cloth4.ogg,penguin flipper foley,vorbis,48000,2,384,e7ab9a6c4466dea874196c61f59bf1da05cfe58748f42fadd695d441a154a99b
penguin.idle.flipper,2,01_RUNTIME_READY/audio/penguin/bsb_chr_penguin_idle_flipper_v02.ogg,02_SOURCE_LIBRARY_CC0/Kenney/rpg-audio/Audio/clothBelt.ogg,penguin flipper foley,vorbis,48000,2,723,f29560a2aea95bbfeb643e1e8f56ec2b6f7e32f32ce4e140645a36db81de3253
penguin.idle.beak.click,1,01_RUNTIME_READY/audio/penguin/bsb_chr_penguin_idle_beak_click_v01.flac,02_SOURCE_LIBRARY_CC0/OpenGameArt/7_Mechanical_Clicks_CC0/mechanical/mechanical_clicks-01.flac,penguin beak click,flac,96000,2,634,4a823673791fca5a8bc5437bac95323594c0c5a51da37f90257359f39022137f
penguin.idle.beak.click,2,01_RUNTIME_READY/audio/penguin/bsb_chr_penguin_idle_beak_click_v02.ogg,02_SOURCE_LIBRARY_CC0/Kenney/interface-sounds/Audio/tick_004.ogg,penguin beak click,vorbis,44100,1,55,0253d5f7d8d2afbbc370eac2a4539bb844239f0c98343e516d376b137c06d27c
penguin.idle.terminal.tap,1,01_RUNTIME_READY/audio/penguin/bsb_chr_penguin_idle_terminal_tap_v01.ogg,02_SOURCE_LIBRARY_CC0/OpenGameArt/50_CC0_SciFi_SFX/terminal_06.ogg,penguin terminal tap,vorbis,44100,2,311,702180244bb8fd6500c39d1b5b38c574ba23f8a62b98287dcacc627bf5567bc5
penguin.idle.terminal.tap,2,01_RUNTIME_READY/audio/penguin/bsb_chr_penguin_idle_terminal_tap_v02.ogg,02_SOURCE_LIBRARY_CC0/OpenGameArt/50_CC0_SciFi_SFX/terminal_07.ogg,penguin terminal tap,vorbis,44100,2,256,6b4a6f4d9de0c74f7671cf0ec2c54bf138385db3aacb3062a34f4901779feb3e
penguin.step,1,01_RUNTIME_READY/audio/penguin/bsb_chr_penguin_step_v01.ogg,02_SOURCE_LIBRARY_CC0/Kenney/impact-sounds/Audio/footstep_snow_000.ogg,penguin step shuffle,vorbis,44100,2,374,c05fa4a9dc9a7aabc04996466fb589537e49af76de9998d8f9e6270ec92dcef7
penguin.step,2,01_RUNTIME_READY/audio/penguin/bsb_chr_penguin_step_v02.ogg,02_SOURCE_LIBRARY_CC0/Kenney/impact-sounds/Audio/footstep_snow_001.ogg,penguin step shuffle,vorbis,44100,2,374,980fb9a1c9227aed7995067b0357f373053337f2416316db8ea0438418542fb4
penguin.step,3,01_RUNTIME_READY/audio/penguin/bsb_chr_penguin_step_v03.ogg,02_SOURCE_LIBRARY_CC0/Kenney/impact-sounds/Audio/footstep_snow_002.ogg,penguin step shuffle,vorbis,44100,2,374,db52bafdc66304f3b999f2c29227826c65993916e630ac2ffbca17d07b263178
penguin.step,4,01_RUNTIME_READY/audio/penguin/bsb_chr_penguin_step_v04.ogg,02_SOURCE_LIBRARY_CC0/Kenney/impact-sounds/Audio/footstep_snow_003.ogg,penguin step shuffle,vorbis,44100,2,374,68272e3f1cabcabd02d328fd344454d7c04cb58b5a86972fcdd858f845e3d007
penguin.step,5,01_RUNTIME_READY/audio/penguin/bsb_chr_penguin_step_v05.ogg,02_SOURCE_LIBRARY_CC0/Kenney/impact-sounds/Audio/footstep_snow_004.ogg,penguin step shuffle,vorbis,44100,2,374,7fe9ce5f5732aaa0a50ef02bb1ac162c27f6bd85214e86aaea6e13e7a41dbc00
penguin.move,1,01_RUNTIME_READY/audio/penguin/bsb_chr_penguin_move_v01.wav,02_SOURCE_LIBRARY_CC0/OpenGameArt/13_Swishes_CC0/swishes/swish-1.wav,penguin move enter exit,pcm_s24le,44100,2,126,9a15c881345c1ce1c39cc31f52f081c8c4dc81fa41111e0079400f39d3ba0e45
penguin.move,2,01_RUNTIME_READY/audio/penguin/bsb_chr_penguin_move_v02.wav,02_SOURCE_LIBRARY_CC0/OpenGameArt/13_Swishes_CC0/swishes/swish-2.wav,penguin move enter exit,pcm_s24le,44100,2,96,1ce7752cce3d43f16fc222ad7f7ffb69d9a5fc01e64b93d205765fc37b8e9b0d
penguin.jump.land,1,01_RUNTIME_READY/audio/penguin/bsb_chr_penguin_jump_land_v01.ogg,02_SOURCE_LIBRARY_CC0/Kenney/impact-sounds/Audio/impactSoft_medium_003.ogg,penguin jump land,vorbis,44100,2,140,5c4a1f35fde7e14046931da7bc3d1b23736541b7190ba107e08a379c4ca43cd6
penguin.jump.land,2,01_RUNTIME_READY/audio/penguin/bsb_chr_penguin_jump_land_v02.ogg,02_SOURCE_LIBRARY_CC0/Kenney/impact-sounds/Audio/impactSoft_medium_004.ogg,penguin jump land,vorbis,44100,2,147,b0a4dea90eed47accf50b768beff1166f2f1486fb139e4d025b2427637624bca
penguin.reaction.positive,1,01_RUNTIME_READY/audio/penguin/bsb_chr_penguin_reaction_positive_v01.ogg,02_SOURCE_LIBRARY_CC0/OpenGameArt/80_CC0_Creature_SFX/cute_01.ogg,penguin positive reaction pitchable,vorbis,48000,2,390,de478d6aaa052a06ff88351c684a5cd5fbef013248985fbb5ff0cdcddd9904ad
penguin.reaction.positive,2,01_RUNTIME_READY/audio/penguin/bsb_chr_penguin_reaction_positive_v02.ogg,02_SOURCE_LIBRARY_CC0/OpenGameArt/80_CC0_Creature_SFX/cute_03.ogg,penguin positive reaction pitchable,vorbis,48000,2,611,de5b8609ffcdb6f22865c8dc696dc01bdbc54e78ca54af45cb22116a0641b6c2
penguin.reaction.positive,3,01_RUNTIME_READY/audio/penguin/bsb_chr_penguin_reaction_positive_v03.ogg,02_SOURCE_LIBRARY_CC0/OpenGameArt/80_CC0_Creature_SFX/cute_05.ogg,penguin positive reaction pitchable,vorbis,48000,2,507,41d1b63ad4f006c09dbc65a686c022633825b01aa20e400b6dce0c6a22970c7c
penguin.reaction.positive,4,01_RUNTIME_READY/audio/penguin/bsb_chr_penguin_reaction_positive_v04.ogg,02_SOURCE_LIBRARY_CC0/OpenGameArt/80_CC0_Creature_SFX/ooh.ogg,penguin positive reaction pitchable,vorbis,48000,2,739,6e2323960b6eaa931a75e4f75e3f13926cf3b67d4c21767cae88f2b2f7c83613
penguin.reaction.big,1,01_RUNTIME_READY/audio/penguin/bsb_chr_penguin_reaction_big_v01.ogg,02_SOURCE_LIBRARY_CC0/OpenGameArt/80_CC0_Creature_SFX/cute_07.ogg,penguin big reaction pitchable,vorbis,48000,2,293,b72456b5ee7f39154f7aea86ada23f281a24fe3a4d4d91704a7b7f5464b77a27
penguin.reaction.big,2,01_RUNTIME_READY/audio/penguin/bsb_chr_penguin_reaction_big_v02.ogg,02_SOURCE_LIBRARY_CC0/OpenGameArt/80_CC0_Creature_SFX/cute_09.ogg,penguin big reaction pitchable,vorbis,48000,2,605,2432bc342b5688c390df41fbeb87be6af7fb686d67400d3310dfd1e2922bdbda
penguin.reaction.big,3,01_RUNTIME_READY/audio/penguin/bsb_chr_penguin_reaction_big_v03.ogg,02_SOURCE_LIBRARY_CC0/OpenGameArt/80_CC0_Creature_SFX_2/human_03.ogg,penguin big reaction pitchable,vorbis,48000,2,772,a0d24f9031b57b2e48a8ff73050a7ba686b1311e5f91a6fe27c9b86b40d03b50
penguin.reaction.loss,1,01_RUNTIME_READY/audio/penguin/bsb_chr_penguin_reaction_loss_v01.ogg,02_SOURCE_LIBRARY_CC0/OpenGameArt/80_CC0_Creature_SFX/grunt_01.ogg,penguin loss grumble pitchable,vorbis,48000,2,933,73ee84f2bb3e1b371a72dd66a09f150c98c9000bcb735c3bdd7f607e59385206
penguin.reaction.loss,2,01_RUNTIME_READY/audio/penguin/bsb_chr_penguin_reaction_loss_v02.ogg,02_SOURCE_LIBRARY_CC0/OpenGameArt/80_CC0_Creature_SFX/grunt_03.ogg,penguin loss grumble pitchable,vorbis,48000,2,666,f2a23b32fcf9cbdabf059339d346ce7eead018fda778067827e71b96936989f1
penguin.reaction.loss,3,01_RUNTIME_READY/audio/penguin/bsb_chr_penguin_reaction_loss_v03.ogg,02_SOURCE_LIBRARY_CC0/OpenGameArt/80_CC0_Creature_SFX_2/grunt_06.ogg,penguin loss grumble pitchable,vorbis,48000,2,629,406b88a519f2b067f99dedbce1b3dc2f472c7f5a50f8443e8dddbcf5e0edaf53
penguin.reaction.gasp,1,01_RUNTIME_READY/audio/penguin/bsb_chr_penguin_reaction_gasp_v01.ogg,02_SOURCE_LIBRARY_CC0/OpenGameArt/80_CC0_Creature_SFX/ooh.ogg,penguin gasp anticipation pitchable,vorbis,48000,2,739,6e2323960b6eaa931a75e4f75e3f13926cf3b67d4c21767cae88f2b2f7c83613
penguin.reaction.gasp,2,01_RUNTIME_READY/audio/penguin/bsb_chr_penguin_reaction_gasp_v02.ogg,02_SOURCE_LIBRARY_CC0/OpenGameArt/80_CC0_Creature_SFX_2/human_01.ogg,penguin gasp anticipation pitchable,vorbis,48000,2,623,9c4e9cf68b2d5804b0becb649fe3af0cc83b274846f0da8be60be21373d2580e
penguin.gadget,1,01_RUNTIME_READY/audio/penguin/bsb_chr_penguin_gadget_v01.ogg,02_SOURCE_LIBRARY_CC0/Kenney/rpg-audio/Audio/drawKnife1.ogg,penguin gadget draw holster,vorbis,48000,2,400,276403e72c3b71c47bc24db3083970c23f8e5551ffa78f436f83483c56f3f0bb
penguin.gadget,2,01_RUNTIME_READY/audio/penguin/bsb_chr_penguin_gadget_v02.ogg,02_SOURCE_LIBRARY_CC0/Kenney/rpg-audio/Audio/drawKnife2.ogg,penguin gadget draw holster,vorbis,48000,2,446,d5df6a4130cbb016f97b4883769a418917b9629cb4c21717030b186e0c73281a
penguin.hack.typing,1,01_RUNTIME_READY/audio/penguin/bsb_chr_penguin_hack_typing_v01.ogg,02_SOURCE_LIBRARY_CC0/Kenney/ui-audio/Audio/switch31.ogg,penguin hack typing,vorbis,44100,2,435,bca5f3047e73d28f6619d49a45dee1984340c165da5fa49b239068c2cb9b4be1
penguin.hack.typing,2,01_RUNTIME_READY/audio/penguin/bsb_chr_penguin_hack_typing_v02.ogg,02_SOURCE_LIBRARY_CC0/Kenney/ui-audio/Audio/switch32.ogg,penguin hack typing,vorbis,44100,2,435,b740f507ad386a1d09bb5ca69a75231656a71375df11348fcd2d5e323b8d6727
penguin.hack.typing,3,01_RUNTIME_READY/audio/penguin/bsb_chr_penguin_hack_typing_v03.ogg,02_SOURCE_LIBRARY_CC0/Kenney/ui-audio/Audio/switch33.ogg,penguin hack typing,vorbis,44100,2,512,977ecead4b27cf9801aed433bfa4bdfcf49444c15990d27d2e472401a1fb2742
system.action.blocked,1,01_RUNTIME_READY/audio/system/bsb_sys_system_action_blocked_v01.ogg,02_SOURCE_LIBRARY_CC0/Kenney/interface-sounds/Audio/error_005.ogg,system blocked error,vorbis,44100,1,500,3f75b11df5b06d68d2c25fbf0e9c9d9e7dd9250562a4007ee34856b8a309a2ae
system.action.blocked,2,01_RUNTIME_READY/audio/system/bsb_sys_system_action_blocked_v02.wav,02_SOURCE_LIBRARY_CC0/OpenGameArt/GUI_CC0_SFX/GUI_Sound_Effects_by_Lokif/negative_2.wav,system blocked error,pcm_s16le,44100,2,1719,c9ea598461bd790e1049974a39a9f5cc9dd4a84887549c3c5c256d2abbd4d1a5
system.network.lost,1,01_RUNTIME_READY/audio/system/bsb_sys_system_network_lost_v01.ogg,02_SOURCE_LIBRARY_CC0/OpenGameArt/UI_Feedback_CC0/ui_ogg/alarm2.ogg,system network lost,vorbis,44100,2,1767,7c2f7fcee34574818d97426cf669621a41ad399dbc12213fdf8458f8b9138464
system.network.lost,2,01_RUNTIME_READY/audio/system/bsb_sys_system_network_lost_v02.ogg,02_SOURCE_LIBRARY_CC0/Kenney/digital-audio/Audio/zapThreeToneDown.ogg,system network lost,vorbis,44100,1,1332,272e60bc62a1685f990fa50d163c3cb7f85073c1c3f89e3c3409e7ec938703c5
system.network.restored,1,01_RUNTIME_READY/audio/system/bsb_sys_system_network_restored_v01.ogg,02_SOURCE_LIBRARY_CC0/OpenGameArt/UI_Feedback_CC0/ui_ogg/chimes.ogg,system network restored,vorbis,44100,2,2005,bb9c1826553beb87e47a534f9608a7dcd236614bb6194f4323d4661df81e895e
system.network.restored,2,01_RUNTIME_READY/audio/system/bsb_sys_system_network_restored_v02.ogg,02_SOURCE_LIBRARY_CC0/Kenney/digital-audio/Audio/zapThreeToneUp.ogg,system network restored,vorbis,44100,1,1202,52da0ff5e219179df4521b38276abde0ed6ba27e0cf030b0d1209b8857406eff
system.request.timeout,1,01_RUNTIME_READY/audio/system/bsb_sys_system_request_timeout_v01.ogg,02_SOURCE_LIBRARY_CC0/Kenney/interface-sounds/Audio/error_007.ogg,system request timeout,vorbis,44100,1,192,f1ee4c1ac8bfe1a82eacb54b26f49e8974bab93bcf10c01800bc10dbf730f559
system.request.timeout,2,01_RUNTIME_READY/audio/system/bsb_sys_system_request_timeout_v02.ogg,02_SOURCE_LIBRARY_CC0/OpenGameArt/UI_Feedback_CC0/ui_ogg/negative_sound2.ogg,system request timeout,vorbis,44100,2,786,a068c1a2a375149da67bb8e547079987800b1ce21debb7f51ca556eeeaabd56a
round.no.win,1,01_RUNTIME_READY/audio/system/bsb_sfx_round_no_win_v01.ogg,02_SOURCE_LIBRARY_CC0/Kenney/digital-audio/Audio/lowThreeTone.ogg,round no win subtle,vorbis,44100,1,1019,b4b3bc7420e71bfbec49a6ea13b8c12d76a5751cbdf063d8a8ac017c0b1e1d87
round.no.win,2,01_RUNTIME_READY/audio/system/bsb_sfx_round_no_win_v02.ogg,02_SOURCE_LIBRARY_CC0/Kenney/interface-sounds/Audio/minimize_001.ogg,round no win subtle,vorbis,44100,1,258,8481912bc7fa5828924a00ef15b6cd613b994956e0817bd3122065c9b2896d2d
ambience.control.room,1,01_RUNTIME_READY/audio/music_and_ambience_compact/bsb_ambience_control_room_v01.opus,02_SOURCE_LIBRARY_CC0/OpenGameArt/Ambience_Pack_1_CC0/oga_amb_infestation_control_room.mp3,ambience control room dark,opus,48000,2,47654,150e6519ee9bac2b039e2173984c3979c2845effce53e678285a85f08ab21081
ambience.server.rack,1,01_RUNTIME_READY/audio/ambience/bsb_amb_ambience_server_rack_v01.ogg,02_SOURCE_LIBRARY_CC0/OpenGameArt/30_CC0_SFX_Loops/ambient_01.ogg,ambience server rack loop,vorbis,48000,2,8234,4dca0e4890c0f7658b3e67c624416cdb8379f195ee68915cc076a0ed329b6c8f
ambience.ventilation,1,01_RUNTIME_READY/audio/ambience/bsb_amb_ambience_ventilation_v01.ogg,02_SOURCE_LIBRARY_CC0/OpenGameArt/30_CC0_SFX_Loops/ambient_02.ogg,ambience ventilation loop,vorbis,48000,2,3170,a04dc87827cc9b02d072ee1ebb8511a466564e643a30ec01d9ac977ac129f4af
ambience.electrical.hum,1,01_RUNTIME_READY/audio/ambience/bsb_amb_ambience_electrical_hum_v01.ogg,02_SOURCE_LIBRARY_CC0/OpenGameArt/50_CC0_SciFi_SFX/loop_ambient_01.ogg,ambience electrical hum,vorbis,44100,2,6224,eb9a8f8bc77975b19345e027881e5d05897132ff3d7b055bab3c7e2ce71951fe
ambience.distant.machinery,1,01_RUNTIME_READY/audio/ambience/bsb_amb_ambience_distant_machinery_v01.ogg,02_SOURCE_LIBRARY_CC0/OpenGameArt/30_CC0_SFX_Loops/machine_11.ogg,ambience distant machinery,vorbis,48000,2,5672,ca9c20c27e8d5c47911e02992662b8ad44afd54fecee20bb523e25fdb2b8080a
ambience.vault.interior,1,01_RUNTIME_READY/audio/music_and_ambience_compact/bsb_ambience_vault_interior_v01.opus,02_SOURCE_LIBRARY_CC0/OpenGameArt/Additional_CC0_Ambience/oga_scifi_city_ambient_loop.ogg,ambience vault interior,opus,48000,1,29311,b16554578a2833299f865b4a8ef7f4c6a2398a78f86e2244c97f60bfc88f6ba0
ambience.blackout,1,01_RUNTIME_READY/audio/music_and_ambience_compact/bsb_ambience_blackout_v01.opus,02_SOURCE_LIBRARY_CC0/OpenGameArt/Ambience_Pack_1_CC0/oga_amb_final_captains_log.mp3,ambience blackout roomtone,opus,48000,2,58939,cd22d1270898139b786686193d8a5a0f51b17d6e3d8a2894738498ec1d86c271
music.base,1,01_RUNTIME_READY/audio/music_and_ambience_compact/bsb_music_base_v01.opus,02_SOURCE_LIBRARY_CC0/OpenGameArt/TT_Cyberpunk_Pack_2_CC0/oga_tt2_the_casino_120bpm.ogg,music base cyberpunk casino,opus,48000,2,219012,e66da2f99e0db9310878925c0aeec5dd6cc889c952d4ab4da4eb2f6852c46a2d
music.base,2,01_RUNTIME_READY/audio/music_and_ambience_compact/bsb_music_base_v02.opus,02_SOURCE_LIBRARY_CC0/OpenGameArt/TT_Cyberpunk_Pack_2_CC0/oga_tt2_night_club_chill_100bpm.ogg,music base cyberpunk casino,opus,48000,2,302413,aa305d2e3b83c5c998e10b32c55ed51ac90f3ee57bfb2231c0b190c6a8e3a33c
music.anticipation,1,01_RUNTIME_READY/audio/music_and_ambience_compact/bsb_music_anticipation_v01.opus,02_SOURCE_LIBRARY_CC0/OpenGameArt/Dark_SciFi_Audio_Pack_CC0/ogg/urgent.ogg,music anticipation urgent,opus,48000,2,56901,154d93b724e63a7fbd01f763cd968f54cd5b782a3bc0bca615e92831dd0ed629
music.freespins,1,01_RUNTIME_READY/audio/music_and_ambience_compact/bsb_music_freespins_v01.opus,02_SOURCE_LIBRARY_CC0/OpenGameArt/TT_Cyberpunk_Pack_2_CC0/oga_tt2_system_overload_154bpm.ogg,music freespins high energy,opus,48000,2,202608,009e10595b93a2222fcb0fbf006ace095eea97a1e67b3560af4b03b9802da034
music.freespins,2,01_RUNTIME_READY/audio/music_and_ambience_compact/bsb_music_freespins_v02.opus,02_SOURCE_LIBRARY_CC0/OpenGameArt/TT_Cyberpunk_Pack_2_CC0/oga_tt2_electric_stream_180bpm.ogg,music freespins high energy,opus,48000,2,80392,6ba2f79922c908dca262d141237758845b6f8834ee30222c2cb062ab960be896
music.vault.breach,1,01_RUNTIME_READY/audio/music_and_ambience_compact/bsb_music_vault_breach_v01.opus,02_SOURCE_LIBRARY_CC0/OpenGameArt/TT_Cyberpunk_Pack_2_CC0/oga_tt2_welcome_mix_110bpm.ogg,music vault breach,opus,48000,2,403649,2246996b7efe39a77d38159c0d705ce4fe85a27153526e146ff4b0b512ce7787
music.vault.breach,2,01_RUNTIME_READY/audio/music_and_ambience_compact/bsb_music_vault_breach_v02.opus,02_SOURCE_LIBRARY_CC0/OpenGameArt/TT_Cyberpunk_Pack_1_CC0/oga_tt1_experiment_g.ogg,music vault breach,opus,48000,2,113279,68151c3e18fbe18cc9cd900b6c69cd1c60b2d5f0ed65b41e2442c1fed0183959
music.results,1,01_RUNTIME_READY/audio/music_and_ambience_compact/bsb_music_results_v01.opus,02_SOURCE_LIBRARY_CC0/OpenGameArt/Dark_SciFi_Audio_Pack_CC0/ogg/victory.ogg,music results victory,opus,48000,2,5884,826d9ece47028066d6830e669d93c429989adf9da01fd5ac8dcc9320d97cfa42
