source_id,local_scope,title,author,source_page,direct_download,license,license_url,retrieved_at,cc0_marker_verified,notes
kenney_casino_audio,Kenney/casino-audio,Casino Audio,Kenney,https://kenney.nl/assets/casino-audio,https://kenney.nl/media/pages/assets/casino-audio/2472606a04-1721639069/kenney_casino-audio.zip,CC0 1.0 Universal / Public Domain Dedication,https://creativecommons.org/publicdomain/zero/1.0/,2026-08-21,YES,Original retained unmodified in 02_SOURCE_LIBRARY_CC0.
kenney_digital_audio,Kenney/digital-audio,Digital Audio,Kenney,https://kenney.nl/assets/digital-audio,https://kenney.nl/media/pages/assets/digital-audio/216eac4753-1677590265/kenney_digital-audio.zip,CC0 1.0 Universal / Public Domain Dedication,https://creativecommons.org/publicdomain/zero/1.0/,2026-08-21,YES,Original retained unmodified in 02_SOURCE_LIBRARY_CC0.
kenney_impact_sounds,Kenney/impact-sounds,Impact Sounds,Kenney,https://kenney.nl/assets/impact-sounds,https://kenney.nl/media/pages/assets/impact-sounds/87b4ddecda-1677589768/kenney_impact-sounds.zip,CC0 1.0 Universal / Public Domain Dedication,https://creativecommons.org/publicdomain/zero/1.0/,2026-08-21,YES,Original retained unmodified in 02_SOURCE_LIBRARY_CC0.
kenney_interface_sounds,Kenney/interface-sounds,Interface Sounds,Kenney,https://kenney.nl/assets/interface-sounds,https://kenney.nl/media/pages/assets/interface-sounds/fa43c1dd4d-1677589452/kenney_interface-sounds.zip,CC0 1.0 Universal / Public Domain Dedication,https://creativecommons.org/publicdomain/zero/1.0/,2026-08-21,YES,Original retained unmodified in 02_SOURCE_LIBRARY_CC0.
kenney_music_jingles,Kenney/music-jingles,Music Jingles,Kenney,https://kenney.nl/assets/music-jingles,https://kenney.nl/media/pages/assets/music-jingles/f37e530b9e-1677590399/kenney_music-jingles.zip,CC0 1.0 Universal / Public Domain Dedication,https://creativecommons.org/publicdomain/zero/1.0/,2026-08-21,YES,Original retained unmodified in 02_SOURCE_LIBRARY_CC0.
kenney_rpg_audio,Kenney/rpg-audio,RPG Audio,Kenney,https://kenney.nl/assets/rpg-audio,https://kenney.nl/media/pages/assets/rpg-audio/8e99002d76-1677590336/kenney_rpg-audio.zip,CC0 1.0 Universal / Public Domain Dedication,https://creativecommons.org/publicdomain/zero/1.0/,2026-08-21,YES,Original retained unmodified in 02_SOURCE_LIBRARY_CC0.
kenney_scifi_sounds,Kenney/sci-fi-sounds,Sci-Fi Sounds,Kenney,https://kenney.nl/assets/sci-fi-sounds,https://kenney.nl/media/pages/assets/sci-fi-sounds/6b296f9ecf-1677589334/kenney_sci-fi-sounds.zip,CC0 1.0 Universal / Public Domain Dedication,https://creativecommons.org/publicdomain/zero/1.0/,2026-08-21,YES,Original retained unmodified in 02_SOURCE_LIBRARY_CC0.
kenney_ui_audio,Kenney/ui-audio,UI Audio,Kenney,https://kenney.nl/assets/ui-audio,https://kenney.nl/media/pages/assets/ui-audio/490d233f68-1677590494/kenney_ui-audio.zip,CC0 1.0 Universal / Public Domain Dedication,https://creativecommons.org/publicdomain/zero/1.0/,2026-08-21,YES,Original retained unmodified in 02_SOURCE_LIBRARY_CC0.
kenney_voiceover_pack,Kenney/voiceover-pack,Voiceover Pack,Kenney,https://kenney.nl/assets/voiceover-pack,https://kenney.nl/media/pages/assets/voiceover-pack/3f7f168698-1677589897/kenney_voiceover-pack.zip,CC0 1.0 Universal / Public Domain Dedication,https://creativecommons.org/publicdomain/zero/1.0/,2026-08-21,YES,Original retained unmodified in 02_SOURCE_LIBRARY_CC0.
kenney_voiceover_fighter,Kenney/voiceover-pack-fighter,Voiceover Pack: Fighter,Kenney,https://kenney.nl/assets/voiceover-pack-fighter,https://kenney.nl/media/pages/assets/voiceover-pack-fighter/6ceb77c6f1-1677589837/kenney_voiceover-pack-fighter.zip,CC0 1.0 Universal / Public Domain Dedication,https://creativecommons.org/publicdomain/zero/1.0/,2026-08-21,YES,Original retained unmodified in 02_SOURCE_LIBRARY_CC0.
oga_100_cc0_sfx,OpenGameArt/100_CC0_SFX,100 CC0 SFX,rubberduck,https://opengameart.org/content/100-cc0-sfx,https://opengameart.org/sites/default/files/100-CC0-SFX_0.zip,CC0 1.0 Universal / Public Domain Dedication,https://creativecommons.org/publicdomain/zero/1.0/,2026-08-21,YES,Original retained unmodified in 02_SOURCE_LIBRARY_CC0.
oga_100_cc0_wood_metal_sfx,OpenGameArt/100_CC0_Wood_Metal_SFX,100 CC0 Metal and Wood SFX,rubberduck,https://opengameart.org/content/100-cc0-metal-and-wood-sfx,https://opengameart.org/sites/default/files/100-CC0-wood-metal-SFX.zip,CC0 1.0 Universal / Public Domain Dedication,https://creativecommons.org/publicdomain/zero/1.0/,2026-08-21,YES,Original retained unmodified in 02_SOURCE_LIBRARY_CC0.
oga_10_clicks_switches_cc0,OpenGameArt/10_Clicks_Switches_CC0,10 Clicks and Switches,StarNinjas,https://opengameart.org/content/10-clicks-and-switches,https://opengameart.org/sites/default/files/10_clicks_and_switches.zip,CC0 1.0 Universal / Public Domain Dedication,https://creativecommons.org/publicdomain/zero/1.0/,2026-08-21,YES,Original retained unmodified in 02_SOURCE_LIBRARY_CC0.
oga_13_swishes_cc0,OpenGameArt/13_Swishes_CC0,Swishes Sound Pack,artisticdude,https://opengameart.org/content/swishes-sound-pack,https://opengameart.org/sites/default/files/swishes.zip,CC0 1.0 Universal / Public Domain Dedication,https://creativecommons.org/publicdomain/zero/1.0/,2026-08-21,YES,Original retained unmodified in 02_SOURCE_LIBRARY_CC0.
oga_30_cc0_sfx_loops,OpenGameArt/30_CC0_SFX_Loops,30 CC0 SFX Loops,rubberduck,https://opengameart.org/content/30-cc0-sfx-loops,https://opengameart.org/sites/default/files/sfx_loops.zip,CC0 1.0 Universal / Public Domain Dedication,https://creativecommons.org/publicdomain/zero/1.0/,2026-08-21,YES,Original retained unmodified in 02_SOURCE_LIBRARY_CC0.
oga_30_weird_cc0_sfx,OpenGameArt/30_Weird_CC0_SFX,30 CC0 Weird SFX,rubberduck,https://opengameart.org/content/30-weird-cc0-sfx,https://opengameart.org/sites/default/files/30-cc0-weird-sfx.zip,CC0 1.0 Universal / Public Domain Dedication,https://creativecommons.org/publicdomain/zero/1.0/,2026-08-21,YES,Original retained unmodified in 02_SOURCE_LIBRARY_CC0.
oga_31_metal_pings_scrapes_cc0,OpenGameArt/31_Metal_Pings_Scrapes_CC0,31 Pings and Metal Filing Sounds,bart,https://opengameart.org/content/31-pings-and-metal-filing-sounds,https://opengameart.org/sites/default/files/pings_and_scrapes.7z,CC0 1.0 Universal / Public Domain Dedication,https://creativecommons.org/publicdomain/zero/1.0/,2026-08-21,YES,Original retained unmodified in 02_SOURCE_LIBRARY_CC0.
oga_50_cc0_retro_synth_sfx,OpenGameArt/50_CC0_Retro_Synth_SFX,50 CC0 Retro Synth SFX,rubberduck,https://opengameart.org/content/50-cc0-retro-synth-sfx,https://opengameart.org/sites/default/files/50-CC0-retro-synth-SFX.zip,CC0 1.0 Universal / Public Domain Dedication,https://creativecommons.org/publicdomain/zero/1.0/,2026-08-21,YES,Original retained unmodified in 02_SOURCE_LIBRARY_CC0.
oga_50_cc0_scifi_sfx,OpenGameArt/50_CC0_SciFi_SFX,50 CC0 Sci-Fi SFX,rubberduck,https://opengameart.org/content/50-cc0-sci-fi-sfx,https://opengameart.org/sites/default/files/sci-fi-sfx.zip,CC0 1.0 Universal / Public Domain Dedication,https://creativecommons.org/publicdomain/zero/1.0/,2026-08-21,YES,Original retained unmodified in 02_SOURCE_LIBRARY_CC0.
oga_60_cc0_scifi_sfx,OpenGameArt/60_CC0_SciFi_SFX,60 CC0 Sci-Fi SFX,rubberduck,https://opengameart.org/content/60-cc0-sci-fi-sfx,https://opengameart.org/sites/default/files/60-sci-fi-sfx_0.zip,CC0 1.0 Universal / Public Domain Dedication,https://creativecommons.org/publicdomain/zero/1.0/,2026-08-21,YES,Original retained unmodified in 02_SOURCE_LIBRARY_CC0.
oga_68_workshop_sounds_cc0,OpenGameArt/68_Workshop_Sounds_CC0,68 Workshop Sounds,bart,https://opengameart.org/content/68-workshop-sounds,https://opengameart.org/sites/default/files/workshop.7z,CC0 1.0 Universal / Public Domain Dedication,https://creativecommons.org/publicdomain/zero/1.0/,2026-08-21,YES,Original retained unmodified in 02_SOURCE_LIBRARY_CC0.
oga_75_breaking_falling_hit_sfx,OpenGameArt/75_CC0_Breaking_Falling_Hit_SFX,"75 CC0 Breaking, Falling and Hit SFX",rubberduck,https://opengameart.org/content/75-cc0-breaking-falling-hit-sfx,https://opengameart.org/sites/default/files/sfx_breaking_and_falling.zip,CC0 1.0 Universal / Public Domain Dedication,https://creativecommons.org/publicdomain/zero/1.0/,2026-08-21,YES,Original retained unmodified in 02_SOURCE_LIBRARY_CC0.
oga_7_assorted_ui_sfx,OpenGameArt/7_Assorted_UI_CC0_SFX,7 Assorted UI/Menu/Level-up SFX,Joth,https://opengameart.org/content/7-assorted-sound-effects-menu-level-up,https://opengameart.org/sites/default/files/UISoundEffects.zip,CC0 1.0 Universal / Public Domain Dedication,https://creativecommons.org/publicdomain/zero/1.0/,2026-08-21,YES,Original retained unmodified in 02_SOURCE_LIBRARY_CC0.
oga_7_mechanical_clicks_cc0,OpenGameArt/7_Mechanical_Clicks_CC0,7 Mechanical Clicks and Buzzes,qubodup,https://opengameart.org/content/7-mechanical-clicks-and-buzzes,https://opengameart.org/sites/default/files/mechanical.7z,CC0 1.0 Universal / Public Domain Dedication,https://creativecommons.org/publicdomain/zero/1.0/,2026-08-21,YES,Original retained unmodified in 02_SOURCE_LIBRARY_CC0.
oga_80_cc0_creature_sfx,OpenGameArt/80_CC0_Creature_SFX,80 CC0 Creature SFX,rubberduck,https://opengameart.org/content/80-cc0-creature-sfx,https://opengameart.org/sites/default/files/80-CC0-creature-SFX_0.zip,CC0 1.0 Universal / Public Domain Dedication,https://creativecommons.org/publicdomain/zero/1.0/,2026-08-21,YES,Original retained unmodified in 02_SOURCE_LIBRARY_CC0.
oga_80_cc0_creature_sfx_2,OpenGameArt/80_CC0_Creature_SFX_2,80 CC0 Creature SFX #2,rubberduck,https://opengameart.org/content/80-cc0-creture-sfx-2,https://opengameart.org/sites/default/files/80-CC0-creature-sfx-2.zip,CC0 1.0 Universal / Public Domain Dedication,https://creativecommons.org/publicdomain/zero/1.0/,2026-08-21,YES,Original retained unmodified in 02_SOURCE_LIBRARY_CC0.
oga_80_cc0_rpg_sfx,OpenGameArt/80_CC0_RPG_SFX,80 CC0 RPG SFX,rubberduck,https://opengameart.org/content/80-cc0-rpg-sfx,https://opengameart.org/sites/default/files/80-CC0-RPG-SFX_0.zip,CC0 1.0 Universal / Public Domain Dedication,https://creativecommons.org/publicdomain/zero/1.0/,2026-08-21,YES,Original retained unmodified in 02_SOURCE_LIBRARY_CC0.
oga_claimed_by_void,OpenGameArt/Additional_CC0_Ambience/oga_claimed_by_void_*,Claimed by the Void,vitalezzz,https://opengameart.org/content/claimed-by-the-void,https://opengameart.org/sites/default/files/claimed_by_the_void.wav,CC0 1.0 Universal / Public Domain Dedication,https://creativecommons.org/publicdomain/zero/1.0/,2026-08-21,YES,Original retained unmodified in 02_SOURCE_LIBRARY_CC0.
oga_scifi_city_ambient,OpenGameArt/Additional_CC0_Ambience/oga_scifi_city_ambient_loop.ogg,Sci-Fi City Ambient Loop,TinyWorlds,https://opengameart.org/content/scifi-city-ambient-loop,https://opengameart.org/sites/default/files/busy_cyberworld.ogg,CC0 1.0 Universal / Public Domain Dedication,https://creativecommons.org/publicdomain/zero/1.0/,2026-08-21,YES,Original retained unmodified in 02_SOURCE_LIBRARY_CC0.
oga_loading_screen_loop,OpenGameArt/Additional_CC0_Ambience/oga_loading_screen_loop_*,Loading Screen Loop,HaelDB,https://opengameart.org/content/loading-screen-loop,https://opengameart.org/sites/default/files/b423b42.wav,CC0 1.0 Universal / Public Domain Dedication,https://creativecommons.org/publicdomain/zero/1.0/,2026-08-21,YES,Original retained unmodified in 02_SOURCE_LIBRARY_CC0.
oga_background_space_track,OpenGameArt/Additional_CC0_Ambience/oga_background_space_track.ogg,Background Space Track,yd,https://opengameart.org/content/background-space-track,https://opengameart.org/sites/default/files/MyVeryOwnDeadShip.ogg,CC0 1.0 Universal / Public Domain Dedication,https://creativecommons.org/publicdomain/zero/1.0/,2026-08-21,YES,Original retained unmodified in 02_SOURCE_LIBRARY_CC0.
oga_sewer_nightclub,OpenGameArt/Additional_CC0_Ambience/oga_sewer_nightclub.ogg,Sewer Nightclub,section31,https://opengameart.org/content/sewer-nightclub,https://opengameart.org/sites/default/files/S31-Sewer%20Nightclub.ogg,CC0 1.0 Universal / Public Domain Dedication,https://creativecommons.org/publicdomain/zero/1.0/,2026-08-21,YES,Original retained unmodified in 02_SOURCE_LIBRARY_CC0.
oga_ambience_scifi_horror,OpenGameArt/Ambience_Pack_1_CC0,Ambience Pack 1 — Sci-Fi Horror,Joth,https://opengameart.org/content/ambience-pack-1-sci-fi-horror,Multiple MP3 files on source page,CC0 1.0 Universal / Public Domain Dedication,https://creativecommons.org/publicdomain/zero/1.0/,2026-08-21,YES,Original retained unmodified in 02_SOURCE_LIBRARY_CC0.
oga_atmospheric_interaction,OpenGameArt/Atmospheric_Interaction_CC0,Atmospheric Interaction Sound Pack,legoluft,https://opengameart.org/content/atmospheric-interaction-sound-pack,https://opengameart.org/sites/default/files/krank_sounds.7z,CC0 1.0 Universal / Public Domain Dedication,https://creativecommons.org/publicdomain/zero/1.0/,2026-08-21,YES,Original retained unmodified in 02_SOURCE_LIBRARY_CC0.
oga_button_sfx_iii,OpenGameArt/Button_SFX_Pack_III_CC0,Button SFX Pack III — Hi-Tech,Circlerun,https://opengameart.org/content/button-sfx-pack-iii-assortment-ot-hi-tech,https://opengameart.org/sites/default/files/Button%20SFX%20Pack%20III%20-%20Hi-Tech.zip,CC0 1.0 Universal / Public Domain Dedication,https://creativecommons.org/publicdomain/zero/1.0/,2026-08-21,YES,Original retained unmodified in 02_SOURCE_LIBRARY_CC0.
oga_button_sfx_ii,OpenGameArt/Button_SFX_Pack_II_CC0,Button SFX Pack II — Granular Synthesis,Circlerun,https://opengameart.org/content/button-sfx-pack-ii-granular-synthesis-styled,https://opengameart.org/sites/default/files/Button%20SFX%20Pack%20II%20-%20Granular%20Synthesis%20Styled.zip,CC0 1.0 Universal / Public Domain Dedication,https://creativecommons.org/publicdomain/zero/1.0/,2026-08-21,YES,Original retained unmodified in 02_SOURCE_LIBRARY_CC0.
oga_dark_scifi_audio,OpenGameArt/Dark_SciFi_Audio_Pack_CC0,Dark Sci-Fi Audio Pack,SRG774,https://opengameart.org/content/dark-sci-fi-audio-pack,https://opengameart.org/sites/default/files/ogg.zip,CC0 1.0 Universal / Public Domain Dedication,https://creativecommons.org/publicdomain/zero/1.0/,2026-08-21,YES,Original retained unmodified in 02_SOURCE_LIBRARY_CC0.
oga_gui_sfx,OpenGameArt/GUI_CC0_SFX,GUI Sound Effects,LokiF,https://opengameart.org/content/gui-sound-effects,https://opengameart.org/sites/default/files/GUI_Sound_Effects_by_Lokif.7z,CC0 1.0 Universal / Public Domain Dedication,https://creativecommons.org/publicdomain/zero/1.0/,2026-08-21,YES,Original retained unmodified in 02_SOURCE_LIBRARY_CC0.
oga_ignisforge_43_sfx,OpenGameArt/IgnisForge_43_CC0_SFX,IgnisForge Free SFX Sampler,ignisforge,https://opengameart.org/content/ignisforge-free-sfx-sampler-43-synthesized-retro-sound-effects,https://opengameart.org/sites/default/files/ignisforge-oga-sampler-cc0_7.zip,CC0 1.0 Universal / Public Domain Dedication,https://creativecommons.org/publicdomain/zero/1.0/,2026-08-21,YES,Original retained unmodified in 02_SOURCE_LIBRARY_CC0.
oga_level_power_coin_13,OpenGameArt/Level_Power_Coin_13_CC0,"Level Up, Power Up, Coin Get — 13 Sounds",wobbleboxx,https://opengameart.org/content/level-up-power-up-coin-get-13-sounds,https://opengameart.org/sites/default/files/SoundPack01.zip,CC0 1.0 Universal / Public Domain Dedication,https://creativecommons.org/publicdomain/zero/1.0/,2026-08-21,YES,Original retained unmodified in 02_SOURCE_LIBRARY_CC0.
oga_penguin_sounds,OpenGameArt/Penguin_Sounds_CC0,Penguin Sounds,AntumDeluge,https://opengameart.org/content/penguin-sounds,https://opengameart.org/sites/default/files/penguin.zip,CC0 1.0 Universal / Public Domain Dedication,https://creativecommons.org/publicdomain/zero/1.0/,2026-08-21,YES,Original retained unmodified in 02_SOURCE_LIBRARY_CC0.
oga_tt_cyberpunk_1,OpenGameArt/TT_Cyberpunk_Pack_1_CC0,T&T Free Cyberpunk Pack,tricksntraps,https://opengameart.org/content/t-t-free-cyberpunk-pack,Multiple OGG files on source page,CC0 1.0 Universal / Public Domain Dedication,https://creativecommons.org/publicdomain/zero/1.0/,2026-08-21,YES,Original retained unmodified in 02_SOURCE_LIBRARY_CC0.
oga_tt_cyberpunk_2,OpenGameArt/TT_Cyberpunk_Pack_2_CC0,T&T Free Cyberpunk Pack 2,tricksntraps,https://opengameart.org/content/t-t-free-cyberpunk-pack-2,Multiple OGG files on source page,CC0 1.0 Universal / Public Domain Dedication,https://creativecommons.org/publicdomain/zero/1.0/,2026-08-21,YES,Original retained unmodified in 02_SOURCE_LIBRARY_CC0.
oga_ui_feedback,OpenGameArt/UI_Feedback_CC0,"UI Sound Effects — Clicks, Feedback, Notifications",Robin Lamb,https://opengameart.org/content/ui-sound-effects-button-clicks-user-feedback-notifications,https://opengameart.org/sites/default/files/ui_ogg.zip,CC0 1.0 Universal / Public Domain Dedication,https://creativecommons.org/publicdomain/zero/1.0/,2026-08-21,YES,Original retained unmodified in 02_SOURCE_LIBRARY_CC0.
